"Number","Time (seconds)","Distance (meters)","Pace (seconds)","Watts","Cal/Hr","Stroke Rate","Heart Rate"
"1","4.4","10.0","209.8","38","430","18","65"
"2","7.6","18.0","209.8","38","430","18","66"
"3","10.8","26.0","205.1","41","439","19","68"
"4","14.3","34.0","208.1","39","433","17","71"
"5","18.4","44.0","216.7","34","418","15","73"
"6","22.3","53.0","216.7","34","418","15","74"
"7","26.3","62.0","216.9","34","418","16","75"
"8","30.3","71.0","213.3","36","424","15","76"
"9","34.0","80.0","212.5","36","425","16","76"
"10","37.6","89.0","212.5","36","425","16","77"
"11","41.4","97.0","214.6","35","422","16","78"
"12","45.1","107.0","214.6","35","422","16","79"
"13","49.0","116.0","203.0","42","444","16","81"
"14","53.1","126.0","207.5","39","435","15","83"
"15","57.6","137.0","205.1","41","439","15","83"
"16","61.7","147.0","205.6","40","438","13","84"
"17","65.4","156.0","199.8","44","451","16","84"
"18","69.2","166.0","199.8","44","451","16","84"
"19","73.0","176.0","195.9","47","460","16","85"
"20","77.0","186.0","192.5","49","469","16","86"
"21","80.9","196.0","198.7","45","453","15","88"
"22","84.8","206.0","198.7","45","453","15","88"
"23","88.5","216.0","198.2","45","454","15","90"
"24","92.5","226.0","190.9","50","473","15","90"
"25","96.4","236.0","201.2","43","448","15","90"
"26","99.8","245.0","192.9","49","468","18","90"
"27","103.6","255.0","192.9","49","468","18","90"
"28","107.3","264.0","189.7","51","476","16","91"
"29","111.0","274.0","189.9","51","476","16","91"
"30","115.0","285.0","190.1","51","475","16","91"
"31","118.8","295.0","193.5","48","466","16","91"
"32","122.8","305.0","193.5","48","466","16","91"
"33","126.6","315.0","194.9","47","462","15","91"
"34","130.8","325.0","193.5","48","466","16","91"
"35","134.9","336.0","197.9","45","455","15","91"
"36","138.1","345.0","197.9","45","455","15","92"
"37","141.7","354.0","183.2","57","496","19","91"
"38","145.1","363.0","185.6","55","488","17","91"
"39","148.8","373.0","189.5","51","477","18","91"
"40","152.5","383.0","189.4","52","477","16","92"
"41","156.3","393.0","188.1","53","481","16","93"
"42","159.8","402.0","188.1","53","481","16","94"
"43","163.3","411.0","189.4","52","477","17","95"
"44","167.0","421.0","189.1","52","478","16","96"
"45","171.0","432.0","192.1","49","470","15","96"
"46","174.8","442.0","192.1","49","470","15","97"
"47","178.6","452.0","190.5","51","474","16","96"
"48","182.6","462.0","191.2","50","472","16","96"
"49","186.6","472.0","193.8","48","465","15","95"
"50","190.4","482.0","189.0","52","478","16","95"
"51","194.2","493.0","189.0","52","478","16","95"
"52","198.3","503.0","188.6","52","479","16","96"
"53","202.8","515.0","190.5","51","474","15","97"
"54","206.8","525.0","197.0","46","457","13","97"
"55","210.7","535.0","194.4","48","464","15","97"
"56","214.1","545.0","190.1","51","475","15","97"
"57","217.3","554.0","180.9","59","503","17","97"
"58","220.5","563.0","176.1","64","520","19","97"
"59","223.6","572.0","176.1","64","520","19","97"
"60","226.8","581.0","173.2","67","532","19","97"
"61","230.4","591.0","176.4","64","519","17","98"
"62","234.1","601.0","176.4","64","519","17","99"
"63","237.8","611.0","188.3","52","480","16","100"
"64","241.6","621.0","188.3","52","480","16","100"
"65","245.4","631.0","191.8","50","470","16","101"
"66","249.2","641.0","191.8","50","470","16","101"
"67","253.1","651.0","195.1","47","462","16","101"
"68","257.0","661.0","193.1","49","467","15","101"
"69","261.0","671.0","194.1","48","464","16","101"
"70","264.8","682.0","189.6","51","476","16","99"
"71","269.0","693.0","179.0","61","510","15","99"
"72","272.7","704.0","179.0","61","510","15","98"
"73","276.6","714.0","176.5","64","519","16","98"
"74","280.4","725.0","186.1","54","487","16","98"
"75","284.1","734.0","186.1","54","487","16","99"
"76","287.4","743.0","180.4","60","505","18","99"
"77","291.1","755.0","180.4","60","505","18","99"
"78","294.7","766.0","167.1","75","558","16","99"
"79","298.3","777.0","166.1","76","562","16","99"
"80","301.6","786.0","166.1","76","562","16","101"
"81","304.9","796.0","168.5","73","551","18","102"
"82","308.2","806.0","168.5","73","551","18","103"
"83","311.8","816.0","172.1","69","536","18","105"
"84","315.2","826.0","180.1","60","506","17","106"
"85","319.3","837.0","171.3","70","539","17","106"
"86","322.9","847.0","181.4","59","502","17","106"
"87","326.6","858.0","181.4","59","502","17","107"
"88","330.5","868.0","178.6","61","511","16","107"
"89","334.1","878.0","180.5","60","505","16","107"
"90","337.8","889.0","179.4","61","508","17","107"
"91","341.4","899.0","172.5","68","534","17","107"
"92","345.3","911.0","172.5","68","534","17","107"
"93","348.3","920.0","167.2","75","557","20","107"
"94","351.9","931.0","163.1","81","577","17","106"
"95","355.4","941.0","167.4","75","556","17","106"
"96","358.9","952.0","163.0","81","578","17","106"
"97","362.3","962.0","165.2","78","567","17","106"
"98","365.9","973.0","169.0","73","549","17","107"
"99","369.6","984.0","169.0","73","549","17","108"
"100","373.3","995.0","170.8","70","541","16","109"
"101","377.0","1005.0","170.8","70","541","16","110"
"102","380.7","1016.0","171.9","69","537","16","111"
"103","384.3","1026.0","180.7","59","504","16","111"
"104","388.0","1037.0","173.4","67","531","17","111"
"105","391.6","1047.0","175.0","65","524","16","111"
"106","395.1","1057.0","177.4","63","515","17","112"
"107","398.7","1067.0","172.8","68","533","17","112"
"108","402.1","1077.0","175.5","65","523","17","113"
"109","405.6","1087.0","179.1","61","509","17","114"
"110","409.2","1097.0","173.3","67","531","17","113"
"111","412.7","1107.0","173.8","67","529","17","113"
"112","416.1","1117.0","176.5","64","519","17","113"
"113","419.7","1128.0","173.8","67","529","17","113"
"114","423.4","1138.0","171.5","69","538","16","113"
"115","426.9","1149.0","171.9","69","537","17","113"
"116","430.4","1159.0","171.2","70","540","17","113"
"117","434.0","1169.0","171.2","70","540","17","113"
"118","437.8","1181.0","171.5","69","538","17","113"
"119","441.2","1191.0","169.7","72","546","16","113"
"120","444.4","1201.0","165.3","77","566","18","113"
"121","447.5","1210.0","165.3","77","566","18","113"
"122","450.9","1221.0","164.3","79","571","17","114"
"123","454.4","1230.0","176.9","63","517","17","115"
"124","457.9","1240.0","179.3","61","509","17","116"
"125","461.4","1250.0","176.4","64","519","17","116"
"126","464.9","1260.0","176.6","64","518","17","117"
"127","468.4","1270.0","180.2","60","506","17","117"
"128","471.9","1280.0","181.0","59","503","17","117"
"129","475.6","1290.0","181.0","59","503","17","116"
"130","479.2","1301.0","176.3","64","520","17","116"
"131","482.7","1312.0","171.1","70","540","17","117"
"132","486.3","1322.0","162.3","82","581","17","116"
"133","489.7","1332.0","167.3","75","557","17","116"
"134","493.1","1341.0","172.3","68","535","18","116"
"135","496.4","1351.0","173.5","67","530","18","116"
"136","499.8","1361.0","173.5","67","530","18","116"
"137","503.3","1371.0","172.4","68","535","17","116"
"138","506.9","1382.0","170.8","70","541","17","116"
"139","510.3","1392.0","170.8","70","541","17","117"
"140","513.6","1401.0","171.3","70","539","18","117"
"141","517.2","1412.0","168.7","73","551","18","118"
"142","520.6","1422.0","171.0","70","541","17","118"
"143","524.0","1432.0","173.8","67","529","18","118"
"144","527.5","1442.0","174.3","66","527","17","118"
"145","531.1","1452.0","174.1","66","528","17","118"
"146","534.3","1461.0","173.1","67","532","18","118"
"147","537.8","1472.0","173.1","67","532","18","118"
"148","541.2","1482.0","166.3","76","562","17","118"
"149","544.5","1492.0","167.2","75","557","18","118"
"150","548.0","1502.0","175.1","65","524","18","118"
"151","551.3","1511.0","173.3","67","531","17","118"
"152","554.7","1522.0","167.7","74","555","18","119"
"153","558.0","1531.0","168.4","73","552","18","119"
"154","561.4","1541.0","169.7","72","546","18","120"
"155","564.8","1551.0","169.7","72","546","18","121"
"156","568.3","1561.0","182.9","57","497","17","121"
"157","571.8","1570.0","182.9","57","497","17","121"
"158","575.3","1580.0","186.6","54","485","17","120"
"159","578.7","1589.0","183.4","57","495","17","120"
"160","582.3","1599.0","181.0","59","503","17","119"
"161","585.6","1609.0","181.0","59","503","17","119"
"162","589.0","1618.0","179.2","61","509","18","118"
"163","592.2","1628.0","173.9","67","529","18","118"
"164","595.6","1638.0","171.9","69","537","18","118"
"165","598.3","1646.0","167.8","74","555","18","118"
"166","601.3","1656.0","157.5","90","608","23","118"
"167","604.4","1665.0","171.1","70","540","19","118"
"168","607.6","1674.0","171.1","70","540","19","119"
"169","610.9","1684.0","169.7","72","546","18","119"
"170","614.4","1694.0","171.0","70","541","17","119"
"171","617.7","1704.0","171.0","70","541","17","119"
"172","621.0","1713.0","173.2","67","532","18","120"
"173","624.2","1723.0","175.3","65","523","19","121"
"174","627.6","1733.0","169.8","71","546","19","121"
"175","631.1","1743.0","170.3","71","544","18","120"
"176","634.6","1753.0","175.7","65","522","17","120"
"177","638.0","1762.0","178.3","62","512","17","119"
"178","641.4","1772.0","175.5","65","523","18","118"
"179","644.6","1782.0","175.5","65","523","18","118"
"180","648.0","1792.0","163.4","80","576","19","117"
"181","651.3","1802.0","161.0","84","588","17","118"
"182","654.4","1812.0","163.4","80","576","19","118"
"183","657.7","1822.0","163.4","80","576","19","119"
"184","661.0","1832.0","165.6","77","565","18","120"
"185","664.5","1842.0","166.0","77","563","18","121"
"186","667.7","1852.0","168.7","73","551","17","121"
"187","671.4","1862.0","174.2","66","528","17","122"
"188","674.9","1872.0","176.0","64","521","17","122"
"189","678.6","1883.0","176.0","64","521","17","122"
"190","681.9","1892.0","182.9","57","497","18","122"
"191","685.4","1901.0","180.3","60","505","17","121"
"192","688.6","1911.0","180.3","60","505","17","121"
"193","691.7","1920.0","173.1","67","532","19","121"
"194","694.8","1929.0","171.6","69","538","19","122"
"195","699.2","1940.0","174.7","66","526","20","122"
"196","702.6","1950.0","187.6","53","482","14","122"
"197","706.2","1960.0","177.6","62","515","18","120"
"198","709.6","1969.0","181.3","59","502","16","120"
"199","712.9","1979.0","177.7","62","514","18","120"
"200","716.3","1989.0","173.7","67","530","18","120"
"201","719.7","1998.0","173.7","67","530","18","121"
"202","723.2","2008.0","173.9","67","529","18","122"
"203","726.8","2019.0","175.6","65","522","17","122"
"204","730.1","2028.0","175.6","65","522","17","123"
"205","734.0","2038.0","179.3","61","509","18","123"
"206","737.7","2048.0","187.5","53","482","15","122"
"207","741.4","2058.0","181.6","58","501","17","122"
"208","745.0","2068.0","181.6","58","501","17","121"
"209","748.4","2077.0","183.6","57","494","18","121"
"210","751.8","2086.0","183.6","57","494","18","120"
"211","755.1","2096.0","188.2","53","480","18","119"
"212","758.4","2105.0","174.3","66","527","18","119"
"213","761.6","2114.0","174.3","66","527","18","120"
"214","765.0","2125.0","173.9","67","529","19","120"
"215","768.3","2134.0","175.4","65","523","18","120"
"216","771.8","2144.0","175.4","65","523","18","121"
"217","774.8","2152.0","174.6","66","526","18","121"
"218","777.8","2161.0","174.1","66","528","20","121"
"219","781.4","2171.0","177.8","62","514","17","121"
"220","784.7","2180.0","177.8","62","514","17","121"
"221","788.1","2190.0","184.0","56","493","18","120"
"222","791.4","2199.0","175.2","65","524","18","120"
"223","794.8","2209.0","175.2","65","524","18","120"
"224","798.0","2218.0","178.1","62","513","18","120"
"225","801.3","2228.0","169.7","72","546","18","121"
"226","804.5","2237.0","169.7","72","546","18","121"
"227","807.5","2246.0","175.2","65","524","19","121"
"228","810.8","2255.0","170.3","71","544","18","121"
"229","814.2","2265.0","170.3","71","544","18","121"
"230","817.3","2273.0","178.1","62","513","19","121"
"231","820.8","2283.0","182.7","57","497","17","121"
"232","824.4","2293.0","190.9","50","473","16","121"
"233","828.0","2302.0","190.9","50","473","16","121"
"234","831.4","2312.0","177.0","63","517","17","121"
"235","834.8","2321.0","177.0","63","517","17","121"
"236","838.2","2331.0","179.0","61","510","18","121"
"237","841.4","2340.0","176.5","64","519","18","122"
"238","845.0","2349.0","176.5","64","519","18","123"
"239","848.7","2359.0","185.9","54","487","17","123"
"240","852.2","2368.0","192.8","49","468","16","122"
"241","855.7","2378.0","191.7","50","471","17","122"
"242","859.0","2386.0","190.1","51","475","17","121"
"243","862.3","2396.0","179.7","60","507","18","120"
"244","865.8","2405.0","179.7","60","507","18","120"
"245","869.1","2415.0","178.3","62","512","18","120"
"246","872.4","2424.0","181.4","59","502","18","120"
"247","875.8","2433.0","179.6","60","508","18","121"
"248","879.3","2443.0","181.2","59","502","17","121"
"249","882.6","2452.0","181.2","59","502","17","122"
"250","886.1","2461.0","186.4","54","486","18","121"
"251","889.5","2471.0","184.5","56","492","17","121"
"252","892.8","2480.0","178.5","62","511","18","120"
"253","896.2","2490.0","178.5","62","511","18","120"
"254","899.4","2499.0","174.3","66","527","19","121"
"255","902.9","2509.0","179.0","61","510","17","121"
"256","906.2","2518.0","179.0","61","510","17","122"
"257","909.8","2528.0","182.9","57","497","18","123"
"258","913.1","2536.0","183.2","57","496","17","123"
"259","916.6","2546.0","189.5","51","477","18","122"
"260","920.2","2555.0","191.2","50","472","17","122"
"261","923.8","2565.0","189.3","52","477","16","120"
"262","927.3","2574.0","186.8","54","485","17","119"
"263","930.9","2584.0","186.6","54","485","17","119"
"264","934.2","2593.0","186.6","54","485","17","119"
"265","937.6","2602.0","181.9","58","500","18","119"
"266","941.0","2611.0","180.7","59","504","18","119"
"267","944.4","2621.0","183.2","57","496","18","119"
"268","947.7","2630.0","183.2","57","496","18","120"
"269","950.6","2638.0","186.3","54","486","18","120"
"270","953.6","2646.0","179.0","61","510","21","120"
"271","956.8","2655.0","175.6","65","522","20","120"
"272","959.9","2664.0","176.0","64","521","19","120"
"273","962.9","2673.0","176.0","64","521","19","120"
"274","966.1","2682.0","180.2","60","506","20","120"
"275","969.3","2690.0","179.6","60","508","19","120"
"276","972.6","2700.0","179.6","60","508","19","121"
"277","975.9","2709.0","181.1","59","503","19","121"
"278","979.3","2718.0","177.6","62","515","17","121"
"279","982.7","2728.0","177.6","62","515","17","121"
"280","986.3","2738.0","176.9","63","517","18","121"
"281","989.7","2747.0","180.9","59","503","17","121"
"282","992.9","2756.0","190.0","51","475","18","122"
"283","996.6","2766.0","184.1","56","493","18","122"
"284","999.9","2775.0","184.9","55","490","18","123"
"285","1003.5","2785.0","184.9","55","490","18","123"
"286","1007.1","2794.0","183.7","56","494","17","123"
"287","1010.8","2803.0","194.9","47","462","16","123"
"288","1014.2","2812.0","194.9","47","462","16","123"
"289","1018.1","2823.0","190.2","51","475","17","122"
"290","1021.8","2832.0","190.1","51","475","16","121"
"291","1025.2","2841.0","190.1","51","475","16","120"
"292","1028.5","2850.0","191.0","50","473","18","120"
"293","1032.0","2860.0","184.8","55","491","18","120"
"294","1035.4","2869.0","187.9","53","481","18","120"
"295","1038.6","2877.0","187.9","53","481","18","120"
"296","1042.0","2886.0","187.6","53","482","19","120"
"297","1045.0","2895.0","189.5","51","477","18","121"
"298","1048.4","2904.0","186.1","54","487","17","121"
"299","1051.9","2913.0","190.7","50","473","17","121"
"300","1055.3","2922.0","191.9","50","470","18","120"
"301","1058.8","2931.0","189.2","52","478","17","120"
"302","1062.3","2940.0","188.9","52","478","17","120"
"303","1065.8","2950.0","191.4","50","472","17","120"
"304","1069.4","2959.0","197.7","45","456","17","120"
"305","1072.9","2968.0","197.7","45","456","17","120"
"306","1076.5","2977.0","191.5","50","471","17","120"
"307","1079.8","2986.0","194.5","48","463","18","120"
"308","1083.0","2994.0","194.5","48","463","18","120"
"309","1086.4","3003.0","185.8","55","488","18","120"
"310","1089.8","3012.0","187.5","53","482","17","120"
"311","1093.4","3022.0","190.5","51","474","17","120"
"312","1096.8","3031.0","190.5","51","474","17","120"
"313","1100.0","3040.0","184.2","56","492","18","120"
"314","1103.5","3050.0","179.7","60","507","19","120"
"315","1107.1","3059.0","183.3","57","495","17","120"
"316","1110.1","3067.0","187.2","53","483","17","119"
"317","1113.3","3076.0","179.0","61","510","19","119"
"318","1116.5","3085.0","179.0","61","510","19","119"
"319","1119.5","3094.0","178.1","62","513","19","118"
"320","1122.7","3103.0","172.3","68","535","20","119"
"321","1125.9","3113.0","171.5","69","538","19","119"
"322","1129.1","3122.0","172.1","69","536","19","120"
"323","1132.4","3131.0","175.4","65","523","18","121"
"324","1135.4","3140.0","177.9","62","514","20","122"
"325","1139.0","3149.0","177.9","62","514","20","122"
"326","1142.4","3158.0","190.1","51","475","18","122"
"327","1145.6","3167.0","190.1","51","475","18","122"
"328","1148.8","3175.0","186.4","54","486","19","121"
"329","1151.8","3184.0","188.1","53","481","20","120"
"330","1155.2","3193.0","188.1","53","481","20","120"
"331","1158.3","3201.0","179.9","60","507","20","120"
"332","1161.6","3210.0","179.9","60","507","20","120"
"333","1164.7","3219.0","183.3","57","495","18","120"
"334","1168.2","3228.0","188.4","52","480","19","121"
"335","1171.4","3237.0","179.0","61","510","19","121"
"336","1174.8","3247.0","179.8","60","507","18","122"
"337","1178.3","3256.0","179.8","60","507","18","122"
"338","1182.0","3266.0","183.7","56","494","17","122"
"339","1185.5","3276.0","181.1","59","503","16","121"
"340","1188.8","3284.0","188.2","53","480","18","121"
"341","1192.2","3294.0","188.2","53","480","18","120"
"342","1195.4","3302.0","182.3","58","499","18","120"
"343","1198.8","3312.0","180.5","60","505","17","120"
"344","1202.3","3321.0","185.0","55","490","17","120"
"345","1205.8","3331.0","190.8","50","473","17","120"
"346","1209.4","3340.0","190.3","51","475","17","120"
"347","1212.9","3349.0","186.8","54","485","17","120"
"348","1216.3","3359.0","188.9","52","478","17","120"
"349","1219.8","3368.0","187.3","53","483","17","120"
"350","1223.2","3377.0","187.3","53","483","17","120"
"351","1226.5","3386.0","187.1","53","484","18","120"
"352","1230.0","3395.0","183.0","57","496","18","121"
"353","1233.5","3405.0","182.8","57","497","17","122"
"354","1237.0","3414.0","187.1","53","484","17","122"
"355","1240.4","3423.0","190.6","51","474","18","122"
"356","1243.8","3432.0","190.7","50","473","18","122"
"357","1247.4","3442.0","188.2","53","480","17","121"
"358","1250.8","3451.0","187.0","54","484","18","120"
"359","1254.2","3460.0","187.0","54","484","18","120"
"360","1257.5","3469.0","184.6","56","491","18","120"
"361","1260.9","3478.0","185.4","55","489","18","120"
"362","1264.1","3487.0","185.4","55","489","18","120"
"363","1267.5","3496.0","182.6","57","498","18","121"
"364","1270.8","3505.0","185.4","55","489","18","121"
"365","1274.2","3514.0","185.4","55","489","18","121"
"366","1277.6","3523.0","194.5","48","463","17","121"
"367","1281.2","3533.0","190.4","51","474","18","121"
"368","1284.7","3542.0","189.5","51","477","17","120"
"369","1288.0","3551.0","188.7","52","479","17","119"
"370","1291.0","3559.0","183.4","57","495","18","119"
"371","1293.9","3567.0","176.7","63","518","20","119"
"372","1297.2","3576.0","176.7","63","518","20","120"
"373","1300.4","3585.0","189.7","51","476","19","120"
"374","1303.6","3594.0","189.7","51","476","19","121"
"375","1306.7","3602.0","183.0","57","496","19","121"
"376","1309.9","3611.0","177.9","62","514","19","122"
"377","1313.2","3620.0","177.9","62","514","19","122"
"378","1316.6","3630.0","180.1","60","506","18","122"
"379","1320.0","3639.0","181.9","58","500","17","122"
"380","1323.3","3648.0","188.1","53","481","18","122"
"381","1326.7","3657.0","188.1","53","481","18","121"
"382","1329.9","3666.0","182.7","57","497","19","121"
"383","1333.2","3675.0","182.7","57","497","19","122"
"384","1336.5","3684.0","182.7","57","497","18","122"
"385","1339.7","3693.0","184.3","56","492","18","123"
"386","1343.4","3702.0","187.2","53","483","19","123"
"387","1346.7","3711.0","192.2","49","469","16","123"
"388","1350.0","3719.0","194.5","48","463","18","122"
"389","1353.3","3728.0","193.5","48","466","18","121"
"390","1356.5","3737.0","193.5","48","466","18","120"
"391","1359.9","3746.0","185.2","55","489","18","120"
"392","1363.3","3755.0","183.0","57","496","17","120"
"393","1366.7","3764.0","183.0","57","496","17","121"
"394","1370.1","3774.0","182.5","58","498","17","122"
"395","1373.5","3783.0","181.9","58","500","18","123"
"396","1376.9","3793.0","181.9","58","500","18","123"
"397","1380.4","3802.0","182.7","57","497","17","124"
"398","1383.6","3810.0","186.6","54","485","17","124"
"399","1388.4","3822.0","203.0","42","444","13","123"
"400","1391.4","3830.0","203.0","42","444","13","122"
"401","1394.9","3840.0","184.0","56","493","18","121"
"402","1398.1","3848.0","184.0","56","493","18","120"
"403","1401.3","3857.0","180.9","59","503","18","119"
"404","1404.6","3867.0","180.9","59","503","18","119"
"405","1407.9","3876.0","179.6","60","508","19","119"
"406","1411.3","3885.0","183.8","56","494","17","119"
"407","1414.7","3894.0","183.8","56","494","17","119"
"408","1418.2","3904.0","185.4","55","489","17","120"
"409","1421.5","3913.0","184.6","56","491","17","120"
"410","1425.0","3922.0","186.4","54","486","18","120"
"411","1428.4","3931.0","185.5","55","488","17","120"
"412","1431.8","3940.0","184.2","56","492","18","121"
"413","1435.2","3950.0","184.2","56","492","18","121"
"414","1438.7","3959.0","183.1","57","496","18","121"
"415","1442.0","3968.0","184.5","56","492","17","122"
"416","1445.5","3978.0","184.5","56","492","18","122"
"417","1449.1","3988.0","184.5","56","492","17","122"
"418","1452.5","3997.0","182.7","57","497","17","123"
"419","1456.0","4007.0","180.1","60","506","17","123"
"420","1459.9","4017.0","194.1","48","464","15","123"
"421","1463.5","4026.0","194.1","48","464","15","122"
"422","1467.1","4036.0","192.1","49","470","17","122"
"423","1470.7","4045.0","189.7","51","476","17","121"
"424","1474.3","4055.0","191.9","50","470","17","121"
"425","1478.0","4064.0","191.9","50","470","17","120"
"426","1481.6","4074.0","191.8","50","470","16","120"
"427","1485.0","4083.0","190.1","51","475","17","119"
"428","1488.4","4092.0","183.9","56","493","18","119"
"429","1491.8","4102.0","181.3","59","502","18","120"
"430","1495.1","4111.0","181.3","59","502","18","121"
"431","1498.4","4120.0","180.2","60","506","18","121"
"432","1501.9","4129.0","187.8","53","482","18","121"
"433","1505.5","4138.0","187.8","53","482","18","121"
"434","1509.1","4148.0","193.1","49","467","16","121"
"435","1512.6","4157.0","191.3","50","472","17","120"
"436","1516.0","4166.0","186.0","54","487","17","120"
"437","1519.4","4176.0","184.0","56","493","18","121"
"438","1522.7","4185.0","187.1","53","484","18","121"
"439","1526.3","4194.0","189.6","51","476","17","121"
"440","1529.7","4203.0","189.6","51","476","17","121"
"441","1533.1","4212.0","196.1","46","460","17","121"
"442","1536.6","4221.0","189.1","52","478","18","120"
"443","1539.9","4230.0","185.6","55","488","18","120"
"444","1543.4","4239.0","184.5","56","492","17","120"
"445","1546.7","4248.0","184.5","56","492","17","120"
"446","1550.1","4258.0","186.2","54","486","18","121"
"447","1553.6","4267.0","184.0","56","493","18","122"
"448","1557.1","4276.0","184.6","56","491","17","122"
"449","1560.4","4285.0","195.1","47","462","18","122"
"450","1563.8","4294.0","194.3","48","464","17","122"
"451","1567.5","4303.0","194.3","48","464","17","122"
"452","1571.0","4312.0","193.1","49","467","16","121"
"453","1574.6","4322.0","192.9","49","468","17","120"
"454","1578.1","4331.0","195.2","47","462","17","119"
"455","1581.5","4340.0","189.8","51","476","17","119"
"456","1584.7","4348.0","187.9","53","481","18","119"
"457","1587.8","4357.0","191.0","50","473","19","119"
"458","1591.1","4365.0","191.0","50","473","19","120"
"459","1594.1","4373.0","193.5","48","466","19","120"
"460","1597.1","4380.0","197.0","46","457","20","121"
"461","1600.2","4388.0","195.1","47","462","20","121"
"462","1603.5","4396.0","194.6","47","463","19","121"
"463","1606.9","4405.0","195.7","47","460","18","121"
"464","1610.2","4414.0","195.7","47","460","18","121"
"465","1613.7","4423.0","190.2","51","475","18","121"
"466","1617.1","4432.0","188.8","52","479","17","121"
"467","1619.9","4440.0","191.0","50","473","18","121"
"468","1622.9","4448.0","180.3","60","505","20","121"
"469","1625.8","4456.0","181.3","59","502","21","122"
"470","1629.0","4465.0","181.3","59","502","21","122"
"471","1632.2","4474.0","184.8","55","491","19","122"
"472","1635.4","4482.0","184.4","56","492","19","123"
"473","1639.0","4492.0","184.4","56","492","19","123"
"474","1642.6","4501.0","189.3","52","477","16","123"
"475","1646.2","4511.0","191.2","50","472","16","123"
"476","1649.7","4520.0","191.2","50","472","16","122"
"477","1653.2","4529.0","191.1","50","472","17","122"
"478","1656.1","4537.0","191.1","50","472","17","122"
"479","1659.1","4545.0","179.6","60","508","21","121"
"480","1662.5","4554.0","183.6","57","494","20","121"
"481","1665.8","4563.0","184.8","55","491","18","121"
"482","1669.1","4572.0","184.8","55","491","18","121"
"483","1672.3","4581.0","187.3","53","483","18","121"
"484","1675.8","4590.0","191.8","50","470","17","122"
"485","1679.3","4599.0","197.4","46","456","17","123"
"486","1682.9","4608.0","197.4","46","456","17","123"
"487","1686.4","4617.0","196.9","46","458","17","123"
"488","1690.1","4627.0","192.7","49","468","17","123"
"489","1693.8","4636.0","195.0","47","462","16","123"
"490","1697.5","4646.0","195.0","47","462","16","123"
"491","1701.6","4656.0","199.9","44","451","16","123"
"492","1705.0","4664.0","205.9","40","438","15","122"
"493","1708.5","4673.0","191.3","50","472","17","122"
"494","1712.0","4682.0","196.9","46","458","17","120"
"495","1715.4","4691.0","191.5","50","471","18","119"
"496","1718.7","4699.0","191.5","50","471","18","119"
"497","1721.9","4708.0","189.7","51","476","19","118"
"498","1724.8","4716.0","175.7","65","522","20","118"
"499","1727.7","4725.0","176.2","64","520","20","118"
"500","1731.0","4734.0","176.2","64","520","20","119"
"501","1734.0","4742.0","179.0","61","510","18","120"
"502","1737.2","4751.0","178.4","62","512","20","120"
"503","1740.3","4760.0","180.2","60","506","19","121"
"504","1743.6","4769.0","180.2","60","506","19","121"
"505","1746.7","4778.0","179.8","60","507","19","122"
"506","1750.1","4787.0","179.8","60","507","19","123"
"507","1753.4","4795.0","193.5","48","466","19","123"
"508","1756.8","4804.0","189.0","52","478","17","122"
"509","1760.3","4813.0","195.1","47","462","17","121"
"510","1763.9","4823.0","195.1","47","462","17","121"
"511","1767.5","4832.0","195.5","47","461","17","120"
"512","1771.0","4841.0","195.6","47","461","16","119"
"513","1774.2","4850.0","191.4","50","472","18","119"
"514","1776.9","4857.0","187.2","53","483","19","119"
"515","1779.9","4865.0","179.7","60","507","20","119"
"516","1782.8","4873.0","183.3","57","495","20","119"
"517","1786.0","4882.0","183.3","57","495","20","120"
"518","1788.9","4890.0","180.9","59","503","19","121"
"519","1791.7","4899.0","175.3","65","523","21","121"
"520","1794.7","4907.0","175.3","65","523","21","121"
"521","1798.0","4916.0","177.9","62","514","20","122"
"522","1801.2","4925.0","188.7","52","479","18","122"
"523","1804.7","4934.0","188.7","52","479","18","122"
"524","1808.1","4942.0","192.3","49","469","17","122"
"525","1811.5","4951.0","191.1","50","472","18","122"
"526","1815.0","4961.0","190.9","50","473","18","121"
"527","1818.2","4969.0","189.0","52","478","18","121"
"528","1821.6","4978.0","189.0","52","478","18","122"
"529","1825.0","4987.0","189.1","52","478","18","123"
"530","1828.3","4996.0","192.4","49","469","18","123"
"531","1831.6","5004.0","192.4","49","469","18","123"
"532","1835.2","5013.0","199.0","44","453","16","123"
"533","1838.5","5022.0","199.0","44","453","16","122"
"534","1841.6","5030.0","195.0","47","462","18","122"
"535","1845.0","5039.0","190.9","50","473","20","121"
"536","1848.2","5047.0","189.8","51","476","17","121"
"537","1851.3","5056.0","185.6","55","488","20","121"
"538","1854.3","5064.0","188.1","53","481","19","121"
"539","1857.3","5072.0","181.8","58","500","20","121"
"540","1860.5","5081.0","181.8","58","500","20","122"
"541","1863.8","5089.0","190.5","51","474","18","122"
"542","1867.1","5098.0","190.5","51","474","18","122"
"543","1870.4","5107.0","192.5","49","469","18","122"
"544","1873.7","5115.0","192.5","49","469","18","121"
"545","1877.1","5124.0","189.2","52","478","18","121"
"546","1880.7","5134.0","188.8","52","479","17","121"
"547","1884.1","5142.0","192.0","49","470","17","121"
"548","1887.4","5151.0","195.8","47","460","18","121"
"549","1890.9","5160.0","193.2","49","467","18","121"
"550","1894.3","5169.0","193.1","49","467","17","121"
"551","1897.8","5178.0","190.5","51","474","17","121"
"552","1901.2","5187.0","187.0","54","484","17","122"
"553","1904.7","5196.0","187.0","54","484","17","122"
"554","1907.9","5205.0","190.8","50","473","17","123"
"555","1911.2","5213.0","189.5","51","477","18","123"
"556","1914.2","5221.0","195.0","47","462","19","123"
"557","1917.4","5229.0","192.6","49","468","20","123"
"558","1920.8","5238.0","198.4","45","454","18","122"
"559","1924.1","5246.0","198.4","45","454","18","122"
"560","1927.3","5255.0","193.3","48","467","19","122"
"561","1930.5","5263.0","193.3","48","467","19","122"
"562","1933.8","5272.0","195.7","47","460","18","122"
"563","1937.1","5280.0","195.7","47","460","18","122"
"564","1940.7","5289.0","196.3","46","459","18","122"
"565","1943.9","5297.0","194.0","48","465","17","123"
"566","1947.2","5306.0","201.0","43","448","18","123"
"567","1950.5","5315.0","195.4","47","461","18","123"
"568","1954.0","5324.0","190.2","51","475","18","123"
"569","1957.6","5333.0","186.5","54","485","17","123"
"570","1961.1","5342.0","190.9","50","473","17","123"
"571","1964.7","5352.0","191.7","50","471","17","122"
"572","1967.7","5359.0","196.1","46","460","17","122"
"573","1970.7","5368.0","190.4","51","474","20","121"
"574","1973.8","5376.0","190.7","50","473","19","121"
"575","1976.8","5384.0","190.0","51","475","20","120"
"576","1979.9","5392.0","190.0","51","475","20","120"
"577","1982.8","5400.0","188.7","52","479","20","121"
"578","1986.1","5408.0","188.7","52","479","20","121"
"579","1989.1","5416.0","194.2","48","464","18","122"
"580","1992.5","5425.0","189.4","52","477","20","122"
"581","1995.7","5433.0","191.5","50","471","18","122"
"582","1999.1","5442.0","192.4","49","469","19","122"
"583","2002.5","5451.0","194.4","48","464","18","122"
"584","2005.8","5460.0","190.8","50","473","18","123"
"585","2009.3","5469.0","187.4","53","483","18","123"
"586","2012.9","5478.0","187.4","53","483","18","124"
"587","2016.3","5487.0","195.1","47","462","17","124"
"588","2021.7","5500.0","210.0","38","430","11","123"
"589","2024.7","5508.0","210.0","38","430","11","123"
"590","2027.9","5516.0","199.7","44","451","20","121"
"591","2030.9","5523.0","200.3","44","450","18","120"
"592","2034.0","5531.0","194.9","47","462","20","119"
"593","2037.2","5540.0","191.2","50","472","19","119"
"594","2040.3","5548.0","195.8","47","460","20","118"
"595","2043.0","5554.0","195.8","47","460","20","118"
"596","2045.7","5560.0","212.9","36","425","22","118"
"597","2048.3","5565.0","244.1","24","383","23","118"
"598","2051.2","5570.0","244.1","24","383","23","118"
"599","2058.3","5581.0","281.5","16","354","21","119"
"600","2061.0","5588.0","257.7","20","370","55","120"
"601","2063.9","5595.0","216.2","35","419","22","121"
"602","2066.7","5602.0","196.9","46","458","21","121"
"603","2069.6","5610.0","194.0","48","465","20","122"
"604","2072.7","5617.0","194.0","48","465","20","122"
"605","2075.9","5625.0","199.3","44","452","19","122"
"606","2079.2","5634.0","201.0","43","448","19","122"
"607","2082.5","5642.0","201.1","43","448","18","121"
"608","2085.9","5650.0","200.5","43","449","18","121"
"609","2089.3","5658.0","205.0","41","440","18","120"
"610","2092.6","5667.0","197.3","46","457","18","120"
"611","2095.9","5675.0","197.3","46","457","18","120"
"612","2099.1","5684.0","191.4","50","472","19","120"
"613","2102.3","5692.0","191.4","50","472","19","120"
"614","2105.5","5701.0","190.1","51","475","19","119"
"615","2108.7","5710.0","186.9","54","484","19","119"
"616","2111.9","5718.0","186.9","54","484","19","119"
"617","2114.9","5726.0","186.5","54","485","19","119"
"618","2118.0","5735.0","181.0","59","503","20","119"
"619","2121.3","5744.0","179.6","60","508","19","119"
"620","2124.6","5752.0","198.6","45","454","18","119"
"621","2128.1","5761.0","189.6","51","476","17","119"
"622","2131.5","5770.0","189.6","51","476","17","119"
"623","2134.9","5779.0","191.2","50","472","18","119"
"624","2138.3","5788.0","190.3","51","475","18","120"
"625","2141.6","5797.0","185.7","55","488","18","121"
"626","2145.1","5807.0","187.0","54","484","17","121"
"627","2148.5","5816.0","187.0","54","484","17","122"
"628","2151.7","5824.0","188.4","52","480","18","123"
"629","2154.8","5831.0","192.0","49","470","19","123"
"630","2158.3","5841.0","204.8","41","440","20","122"
"631","2161.6","5849.0","188.6","52","479","18","121"
"632","2164.7","5858.0","188.6","52","479","18","121"
"633","2167.9","5866.0","189.3","52","477","19","120"
"634","2171.4","5875.0","192.8","49","468","19","120"
"635","2174.7","5884.0","190.1","51","475","17","121"
"636","2178.0","5892.0","189.0","52","478","18","121"
"637","2181.4","5901.0","194.8","47","463","19","122"
"638","2184.7","5910.0","193.9","48","465","18","123"
"639","2188.3","5919.0","188.6","52","479","18","124"
"640","2191.7","5928.0","190.5","51","474","17","125"
"641","2195.0","5936.0","203.4","42","443","17","125"
"642","2198.5","5945.0","201.9","43","446","18","124"
"643","2201.7","5953.0","202.5","42","445","17","123"
"644","2205.0","5961.0","199.5","44","451","18","122"
"645","2208.3","5969.0","199.5","44","451","18","121"
"646","2211.1","5977.0","188.0","53","481","22","120"
"647","2213.8","5984.0","188.0","53","481","22","120"
"648","2216.7","5992.0","184.0","56","493","21","119"
"649","2219.6","6000.0","183.9","56","493","20","119"
"650","2222.8","6009.0","183.9","56","493","20","120"
"651","2225.8","6017.0","184.3","56","492","19","120"
"652","2228.9","6025.0","187.9","53","481","20","120"
"653","2232.1","6033.0","189.6","51","476","19","120"
"654","2235.3","6042.0","189.6","51","476","19","120"
"655","2238.6","6051.0","188.2","53","480","18","121"
"656","2241.9","6059.0","188.2","53","480","18","121"
"657","2245.1","6068.0","191.3","50","472","19","122"
"658","2248.3","6076.0","191.3","50","472","19","122"
"659","2251.7","6085.0","192.4","49","469","18","122"
"660","2254.7","6093.0","192.4","49","469","18","122"
"661","2257.8","6102.0","187.1","53","484","19","122"
"662","2261.1","6110.0","195.2","47","462","18","122"
"663","2264.5","6119.0","195.2","47","462","18","122"
"664","2267.7","6127.0","190.3","51","475","18","123"
"665","2271.2","6136.0","191.0","50","473","18","124"
"666","2274.6","6145.0","195.1","47","462","18","124"
"667","2278.1","6154.0","197.5","45","456","17","124"
"668","2281.5","6163.0","197.5","45","456","17","125"
"669","2285.3","6172.0","196.3","46","459","17","125"
"670","2288.7","6180.0","208.9","38","432","18","124"
"671","2292.2","6188.0","208.9","38","432","18","123"
"672","2295.5","6196.0","214.7","35","422","17","122"
"673","2298.5","6204.0","210.0","38","430","18","121"
"674","2301.5","6211.0","198.3","45","454","20","120"
"675","2304.5","6219.0","193.4","48","466","20","120"
"676","2307.2","6227.0","190.3","51","475","20","119"
"677","2310.1","6235.0","182.9","57","497","21","119"
"678","2313.1","6243.0","182.0","58","500","20","119"
"679","2316.3","6251.0","182.0","58","500","20","120"
"680","2319.5","6260.0","193.4","48","466","18","121"
"681","2322.7","6268.0","193.4","48","466","18","121"
"682","2325.8","6276.0","194.0","48","465","19","121"
"683","2329.1","6284.0","199.7","44","451","18","121"
"684","2332.3","6292.0","199.7","44","451","18","120"
"685","2335.6","6300.0","199.4","44","452","18","120"
"686","2338.8","6309.0","199.4","44","452","18","120"
"687","2342.3","6317.0","197.4","46","456","19","120"
"688","2345.7","6326.0","197.0","46","457","17","120"
"689","2349.2","6335.0","197.0","46","457","17","120"
"690","2352.6","6344.0","195.6","47","461","18","119"
"691","2355.7","6352.0","195.6","47","461","18","119"
"692","2359.1","6361.0","193.0","49","467","18","119"
"693","2362.6","6370.0","191.6","50","471","18","119"
"694","2365.9","6378.0","191.6","50","471","18","119"
"695","2369.4","6387.0","194.9","47","462","18","120"
"696","2372.9","6396.0","195.2","47","462","17","120"
"697","2376.2","6404.0","199.7","44","451","17","121"
"698","2379.6","6413.0","202.3","42","445","18","121"
"699","2383.0","6421.0","198.8","45","453","17","121"
"700","2386.5","6430.0","198.8","45","453","17","120"
"701","2389.9","6439.0","199.5","44","451","17","120"
"702","2393.3","6447.0","197.5","45","456","17","120"
"703","2396.8","6456.0","196.4","46","459","18","120"
"704","2400.1","6465.0","195.6","47","461","18","120"
"705","2403.7","6474.0","195.6","47","461","18","121"
"706","2407.1","6483.0","196.5","46","459","18","121"
"707","2410.6","6491.0","199.5","44","451","17","121"
"708","2414.1","6500.0","206.1","40","437","18","121"
"709","2417.1","6508.0","190.9","50","473","20","120"
"710","2420.5","6517.0","190.9","50","473","20","120"
"711","2423.8","6525.0","188.4","52","480","18","119"
"712","2427.1","6534.0","196.5","46","459","18","119"
"713","2430.2","6542.0","196.5","46","459","18","120"
"714","2433.7","6551.0","192.0","49","470","19","120"
"715","2437.0","6560.0","189.8","51","476","17","121"
"716","2440.3","6568.0","190.5","51","474","18","121"
"717","2443.8","6577.0","194.0","48","465","18","122"
"718","2447.2","6586.0","195.2","47","462","17","122"
"719","2450.7","6595.0","197.1","46","457","17","122"
"720","2454.1","6604.0","196.4","46","459","18","122"
"721","2457.5","6612.0","196.4","46","459","18","122"
"722","2460.7","6620.0","197.8","45","455","18","122"
"723","2463.7","6628.0","192.5","49","469","21","122"
"724","2466.8","6636.0","192.5","49","469","21","121"
"725","2470.2","6644.0","197.8","45","455","18","120"
"726","2473.4","6653.0","197.8","45","455","18","120"
"727","2476.7","6661.0","196.0","46","460","18","119"
"728","2479.9","6670.0","192.6","49","468","18","119"
"729","2483.4","6679.0","190.6","51","474","19","119"
"730","2486.8","6687.0","191.7","50","471","18","119"
"731","2490.1","6696.0","189.7","51","476","18","120"
"732","2493.5","6705.0","189.7","51","476","18","120"
"733","2496.9","6714.0","191.0","50","473","18","121"
"734","2500.3","6722.0","194.7","47","463","18","121"
"735","2503.5","6731.0","201.3","43","447","18","121"
"736","2506.6","6739.0","190.1","51","475","19","121"
"737","2509.8","6747.0","190.1","51","475","19","121"
"738","2513.1","6756.0","191.1","50","472","18","121"
"739","2516.3","6764.0","191.1","50","472","18","121"
"740","2519.8","6773.0","190.0","51","475","19","122"
"741","2523.1","6782.0","193.3","48","467","18","122"
"742","2526.5","6791.0","192.4","49","469","18","122"
"743","2529.9","6800.0","192.4","49","469","18","122"
"744","2533.3","6809.0","192.3","49","469","18","122"
"745","2536.7","6817.0","194.3","48","464","17","122"
"746","2540.0","6825.0","204.1","41","441","18","121"
"747","2543.3","6834.0","200.2","44","450","18","121"
"748","2546.5","6842.0","195.5","47","461","18","120"
"749","2549.4","6850.0","189.2","52","478","19","120"
"750","2552.6","6859.0","184.7","56","491","19","120"
"751","2555.6","6866.0","192.0","49","470","20","121"
"752","2558.8","6875.0","192.0","49","470","20","121"
"753","2562.0","6883.0","187.2","53","483","19","122"
"754","2565.2","6892.0","193.8","48","465","19","122"
"755","2568.5","6900.0","193.8","48","465","19","122"
"756","2571.7","6909.0","195.5","47","461","18","122"
"757","2574.7","6916.0","194.8","47","463","19","122"
"758","2577.9","6925.0","190.2","51","475","20","122"
"759","2580.9","6932.0","192.2","49","469","19","122"
"760","2583.8","6940.0","193.0","49","467","20","122"
"761","2587.1","6949.0","193.0","49","467","19","122"
"762","2590.2","6957.0","193.0","49","467","19","122"
"763","2593.4","6965.0","194.4","48","464","19","122"
"764","2596.7","6973.0","201.0","43","448","19","122"
"765","2600.1","6982.0","200.2","44","450","17","122"
"766","2603.5","6990.0","196.8","46","458","18","122"
"767","2606.6","6998.0","195.8","47","460","19","122"
"768","2610.0","7007.0","200.2","44","450","18","122"
"769","2613.3","7015.0","200.2","44","450","18","122"
"770","2616.8","7023.0","202.7","42","444","18","122"
"771","2620.4","7033.0","200.2","44","450","18","122"
"772","2623.7","7041.0","195.5","47","461","17","122"
"773","2627.2","7050.0","193.9","48","465","17","122"
"774","2630.6","7059.0","197.4","46","456","18","121"
"775","2634.0","7067.0","197.4","46","456","18","121"
"776","2637.5","7077.0","193.0","49","467","17","120"
"777","2641.2","7086.0","193.0","49","467","17","120"
"778","2644.6","7095.0","197.7","45","456","18","119"
"779","2648.2","7104.0","197.7","45","456","18","119"
"780","2651.7","7113.0","198.0","45","455","17","119"
"781","2654.6","7121.0","182.4","58","498","21","119"
"782","2657.5","7129.0","182.4","58","498","21","119"
"783","2660.4","7137.0","180.7","59","504","21","119"
"784","2663.6","7146.0","182.3","58","499","19","120"
"785","2666.9","7154.0","182.3","58","499","19","120"
"786","2670.1","7163.0","188.8","52","479","19","120"
"787","2673.3","7171.0","188.8","52","479","19","121"
"788","2676.7","7180.0","190.5","51","474","18","121"
"789","2679.9","7189.0","190.5","51","474","18","121"
"790","2683.4","7197.0","192.6","49","468","19","121"
"791","2686.6","7206.0","199.6","44","451","18","122"
"792","2689.9","7214.0","199.6","44","451","18","122"
"793","2693.2","7222.0","199.1","44","452","18","121"
"794","2696.5","7231.0","192.6","49","468","18","121"
"795","2699.9","7240.0","192.6","49","468","18","120"
"796","2703.4","7249.0","192.9","49","468","18","120"
"797","2706.7","7258.0","196.1","46","460","17","120"
"798","2710.4","7267.0","191.5","50","471","18","120"
"799","2713.9","7276.0","192.5","49","469","16","120"
"800","2717.5","7286.0","191.5","50","471","17","120"
"801","2720.7","7295.0","185.5","55","488","17","120"
"802","2724.0","7303.0","183.2","57","496","19","121"
"803","2727.2","7312.0","188.6","52","479","19","121"
"804","2730.6","7321.0","191.5","50","471","18","121"
"805","2733.6","7329.0","187.0","54","484","20","121"
"806","2736.7","7337.0","187.0","54","484","20","121"
"807","2739.9","7346.0","184.2","56","492","20","120"
"808","2742.8","7354.0","181.9","58","500","19","120"
"809","2745.8","7362.0","184.9","55","490","21","120"
"810","2748.8","7370.0","180.7","59","504","20","121"
"811","2751.8","7378.0","183.7","56","494","20","121"
"812","2755.0","7387.0","187.3","53","483","20","121"
"813","2758.2","7395.0","188.8","52","479","19","121"
"814","2761.5","7404.0","188.8","52","479","19","121"
"815","2764.7","7413.0","189.0","52","478","18","122"
"816","2768.0","7421.0","196.2","46","459","18","123"
"817","2771.3","7429.0","196.2","46","459","18","123"
"818","2775.6","7440.0","207.0","39","436","14","123"
"819","2778.8","7448.0","207.0","39","436","14","122"
"820","2781.7","7456.0","192.1","49","470","19","121"
"821","2784.7","7464.0","189.0","52","478","20","121"
"822","2787.7","7472.0","189.0","52","478","20","120"
"823","2790.7","7480.0","184.1","56","493","20","120"
"824","2793.9","7488.0","188.3","52","480","20","121"
"825","2797.2","7497.0","187.5","53","482","19","121"
"826","2800.2","7505.0","187.5","53","482","19","121"
"827","2803.5","7514.0","187.5","53","482","19","122"
"828","2807.0","7523.0","192.6","49","468","19","122"
"829","2810.3","7532.0","191.6","50","471","17","122"
"830","2813.9","7541.0","190.2","51","475","18","123"
"831","2817.2","7550.0","190.8","50","473","17","123"
"832","2820.9","7559.0","190.7","50","473","18","124"
"833","2824.4","7568.0","193.6","48","466","16","125"
"834","2827.9","7576.0","203.1","42","444","17","124"
"835","2832.4","7586.0","209.7","38","430","17","123"
"836","2835.5","7594.0","226.3","30","404","13","122"
"837","2838.3","7601.0","201.0","43","448","20","121"
"838","2841.4","7609.0","192.9","49","468","21","120"
"839","2844.5","7618.0","188.8","52","479","19","119"
"840","2847.5","7626.0","188.8","52","479","19","119"
"841","2850.6","7634.0","184.4","56","492","19","120"
"842","2853.8","7643.0","184.4","56","492","19","120"
"843","2857.0","7651.0","185.9","54","487","19","121"
"844","2860.4","7661.0","190.0","51","475","19","121"
"845","2863.6","7669.0","196.3","46","459","19","122"
"846","2866.9","7677.0","196.3","46","459","19","123"
"847","2870.3","7686.0","192.8","49","468","19","123"
"848","2873.9","7696.0","187.3","53","483","17","123"
"849","2877.3","7704.0","194.7","47","463","17","123"
"850","2880.8","7713.0","194.3","48","464","18","123"
"851","2884.2","7722.0","196.9","46","458","17","123"
"852","2887.7","7731.0","195.8","47","460","18","123"
"853","2891.2","7740.0","197.0","46","457","17","124"
"854","2894.8","7749.0","200.1","44","450","17","124"
"855","2898.5","7758.0","200.5","43","449","16","124"
"856","2902.1","7767.0","200.0","44","450","16","123"
"857","2905.9","7776.0","200.0","44","450","16","122"
"858","2909.3","7784.0","201.7","43","447","16","121"
"859","2912.3","7792.0","204.1","41","441","18","120"
"860","2915.0","7800.0","182.2","58","499","23","120"
"861","2917.6","7807.0","178.0","62","513","23","119"
"862","2920.3","7815.0","178.0","62","513","23","119"
"863","2923.2","7822.0","181.7","58","501","22","120"
"864","2926.2","7830.0","188.7","52","479","21","120"
"865","2929.1","7838.0","188.1","53","481","21","121"
"866","2932.5","7846.0","188.1","53","481","21","122"
"867","2935.6","7854.0","210.7","37","429","19","122"
"868","2938.7","7861.0","210.7","37","429","19","122"
"869","2942.2","7870.0","204.7","41","440","19","122"
"870","2945.8","7879.0","207.1","39","435","17","122"
"871","2949.1","7887.0","202.9","42","444","18","121"
"872","2952.5","7895.0","203.2","42","443","18","121"
"873","2955.8","7904.0","203.2","42","443","18","121"
"874","2959.3","7913.0","196.2","46","459","18","121"
"875","2962.6","7921.0","195.6","47","461","18","121"
"876","2966.0","7930.0","195.0","47","462","18","122"
"877","2969.7","7939.0","195.0","47","462","18","122"
"878","2973.1","7948.0","201.2","43","448","18","122"
"879","2976.6","7957.0","195.4","47","461","17","122"
"880","2980.1","7966.0","195.1","47","462","17","122"
"881","2983.5","7974.0","197.2","46","457","18","122"
"882","2986.8","7983.0","197.2","46","457","18","121"
"883","2990.2","7991.0","199.9","44","451","18","120"
"884","2993.1","7999.0","188.4","52","480","20","120"
"885","2996.3","8008.0","188.4","52","480","20","119"
"886","2999.7","8017.0","189.2","52","478","19","119"
"887","3003.1","8025.0","195.3","47","461","18","119"
"888","3006.4","8034.0","195.3","47","461","18","120"
"889","3009.8","8042.0","198.9","44","453","18","120"
"890","3013.4","8051.0","198.6","45","454","18","121"
"891","3016.9","8060.0","199.8","44","451","17","122"
"892","3020.4","8069.0","200.3","44","450","17","122"
"893","3023.9","8077.0","199.9","44","451","17","122"
"894","3027.4","8086.0","202.0","42","446","17","122"
"895","3030.9","8095.0","199.1","44","452","17","121"
"896","3034.4","8104.0","199.5","44","451","17","121"
"897","3038.0","8113.0","196.2","46","459","17","121"
"898","3041.3","8121.0","198.0","45","455","17","121"
"899","3044.7","8130.0","196.3","46","459","18","121"
"900","3048.2","8139.0","194.7","47","463","18","121"
"901","3051.5","8147.0","195.8","47","460","17","121"
"902","3054.8","8156.0","199.9","44","451","18","121"
"903","3057.9","8163.0","202.3","42","445","18","121"
"904","3061.0","8171.0","202.1","42","446","19","120"
"905","3064.1","8179.0","197.5","45","456","19","120"
"906","3067.2","8187.0","197.5","45","456","19","119"
"907","3070.3","8195.0","191.2","50","472","19","119"
"908","3073.5","8203.0","192.2","49","469","20","119"
"909","3076.5","8211.0","193.0","49","467","19","119"
"910","3079.7","8219.0","194.0","48","465","20","120"
"911","3082.9","8227.0","195.4","47","461","19","120"
"912","3085.8","8235.0","196.2","46","459","19","121"
"913","3088.9","8243.0","190.7","50","473","21","121"
"914","3092.3","8251.0","195.6","47","461","19","122"
"915","3095.5","8259.0","204.7","41","440","19","122"
"916","3098.7","8267.0","198.0","45","455","19","122"
"917","3101.9","8275.0","198.0","45","455","19","122"
"918","3105.1","8283.0","196.4","46","459","19","122"
"919","3108.4","8292.0","196.4","46","459","19","122"
"920","3111.7","8300.0","196.5","46","459","18","123"
"921","3114.9","8309.0","195.4","47","461","18","123"
"922","3118.2","8317.0","196.3","46","459","19","123"
"923","3121.5","8325.0","198.1","45","455","18","123"
"924","3124.7","8333.0","198.1","45","455","18","123"
"925","3127.8","8341.0","198.8","45","453","19","123"
"926","3131.1","8349.0","200.8","43","449","18","122"
"927","3134.4","8358.0","200.8","43","449","18","122"
"928","3137.8","8366.0","202.0","42","446","18","121"
"929","3141.3","8375.0","202.6","42","445","18","121"
"930","3144.7","8383.0","201.0","43","448","17","121"
"931","3148.2","8392.0","201.3","43","447","17","121"
"932","3151.8","8400.0","203.7","41","442","17","121"
"933","3155.4","8409.0","209.5","38","431","17","121"
"934","3158.7","8417.0","212.1","37","426","16","121"
"935","3162.0","8425.0","202.7","42","444","18","121"
"936","3165.4","8433.0","202.7","42","444","18","120"
"937","3168.6","8441.0","199.1","44","452","19","119"
"938","3171.9","8450.0","199.1","44","452","19","119"
"939","3175.2","8458.0","197.4","46","456","18","119"
"940","3178.5","8467.0","194.9","47","462","18","120"
"941","3181.8","8475.0","194.9","47","462","18","121"
"942","3185.0","8483.0","198.5","45","454","18","121"
"943","3188.5","8492.0","198.5","45","454","18","120"
"944","3191.9","8500.0","201.4","43","447","18","120"
"945","3195.4","8509.0","200.4","43","449","18","119"
"946","3198.4","8517.0","196.4","46","459","17","119"
"947","3201.9","8527.0","185.9","54","487","20","119"
"948","3205.1","8535.0","186.6","54","485","18","119"
"949","3208.5","8544.0","189.0","52","478","18","120"
"950","3211.9","8553.0","189.0","52","478","18","120"
"951","3215.2","8562.0","192.6","49","468","18","120"
"952","3218.6","8570.0","192.1","49","470","18","121"
"953","3222.0","8579.0","195.6","47","461","18","121"
"954","3225.3","8588.0","195.6","47","461","18","121"
"955","3228.2","8596.0","193.6","48","466","18","121"
"956","3231.1","8604.0","179.4","61","508","21","121"
"957","3234.0","8612.0","182.5","58","498","20","121"
"958","3237.2","8621.0","182.5","58","498","20","121"
"959","3240.4","8629.0","186.3","54","486","19","121"
"960","3243.7","8638.0","186.8","54","485","19","121"
"961","3247.1","8647.0","188.4","52","480","18","122"
"962","3250.5","8656.0","195.4","47","461","18","122"
"963","3253.7","8664.0","195.4","47","461","18","123"
"964","3257.0","8673.0","190.3","51","475","18","123"
"965","3260.3","8681.0","190.3","51","475","18","124"
"966","3263.4","8689.0","191.7","50","471","18","124"
"967","3267.3","8699.0","196.3","46","459","19","124"
"968","3270.9","8708.0","196.1","46","460","16","124"
"969","3274.2","8716.0","205.5","40","439","17","123"
"970","3277.6","8724.0","203.8","41","442","18","122"
"971","3281.0","8733.0","201.5","43","447","18","122"
"972","3284.4","8741.0","201.5","43","447","18","122"
"973","3287.8","8750.0","201.0","43","448","18","122"
"974","3291.1","8758.0","200.6","43","449","18","122"
"975","3294.6","8767.0","200.6","43","449","17","121"
"976","3297.9","8775.0","200.6","43","449","17","121"
"977","3301.4","8784.0","198.6","45","454","18","120"
"978","3304.7","8792.0","197.9","45","455","17","120"
"979","3308.2","8801.0","195.4","47","461","18","121"
"980","3311.5","8810.0","190.4","51","474","18","121"
"981","3315.0","8819.0","190.4","51","474","18","121"
"982","3318.4","8828.0","191.1","50","472","18","122"
"983","3321.9","8837.0","194.4","48","464","17","122"
"984","3325.3","8845.0","198.2","45","454","17","122"
"985","3328.8","8854.0","200.2","44","450","17","122"
"986","3332.4","8864.0","196.8","46","458","17","122"
"987","3335.8","8872.0","195.1","47","462","17","122"
"988","3339.2","8881.0","196.0","46","460","17","122"
"989","3342.8","8890.0","198.1","45","455","18","121"
"990","3346.2","8899.0","198.5","45","454","17","121"
"991","3349.5","8907.0","195.8","47","460","18","122"
"992","3352.8","8915.0","195.8","47","460","18","122"
"993","3356.1","8924.0","196.5","46","459","18","122"
"994","3359.4","8932.0","196.5","46","459","18","121"
"995","3362.7","8940.0","197.4","46","456","18","120"
"996","3365.8","8948.0","200.4","43","449","18","120"
"997","3368.8","8956.0","199.9","44","451","19","119"
"998","3371.8","8963.0","198.9","44","453","20","119"
"999","3374.7","8971.0","199.3","44","452","20","118"
"1000","3377.7","8978.0","204.0","41","442","21","118"
"1001","3380.6","8985.0","193.2","49","467","21","118"
"1002","3383.5","8993.0","190.1","51","475","20","119"
"1003","3386.4","9001.0","190.1","51","475","20","119"
"1004","3389.2","9008.0","193.6","48","466","21","119"
"1005","3392.1","9015.0","195.0","47","462","21","121"
"1006","3395.2","9023.0","195.0","47","462","21","121"
"1007","3398.0","9030.0","205.0","41","440","21","122"
"1008","3400.9","9037.0","205.0","41","440","21","122"
"1009","3403.9","9044.0","205.4","40","439","20","121"
"1010","3406.9","9052.0","205.3","40","439","20","121"
"1011","3409.9","9059.0","207.1","39","435","20","120"
"1012","3412.9","9066.0","205.7","40","438","20","120"
"1013","3416.1","9074.0","198.2","45","454","19","120"
"1014","3419.1","9082.0","195.9","47","460","20","120"
"1015","3422.3","9090.0","195.9","47","460","20","120"
"1016","3425.6","9099.0","197.1","46","457","18","119"
"1017","3428.8","9107.0","197.1","46","457","18","119"
"1018","3432.2","9116.0","196.6","46","458","18","119"
"1019","3435.6","9124.0","193.3","48","467","18","119"
"1020","3438.9","9133.0","193.3","48","467","18","119"
"1021","3442.2","9141.0","194.1","48","464","18","119"
"1022","3445.4","9150.0","193.1","49","467","18","119"
"1023","3448.7","9158.0","195.2","47","462","19","118"
"1024","3452.1","9167.0","193.6","48","466","18","118"
"1025","3455.5","9175.0","197.4","46","456","18","118"
"1026","3458.9","9184.0","200.7","43","449","18","118"
"1027","3461.8","9192.0","195.1","47","462","18","118"
"1028","3465.3","9201.0","187.2","53","483","20","118"
"1029","3468.3","9209.0","187.2","53","483","18","119"
"1030","3471.6","9218.0","190.3","51","475","18","119"
"1031","3474.5","9226.0","185.2","55","489","21","119"
"1032","3477.5","9234.0","185.4","55","489","20","119"
"1033","3480.5","9242.0","188.3","52","480","20","119"
"1034","3483.7","9250.0","188.3","52","480","20","120"
"1035","3486.8","9258.0","191.3","50","472","19","120"
"1036","3490.1","9266.0","199.3","44","452","18","120"
"1037","3493.2","9274.0","199.3","44","452","18","120"
"1038","3496.2","9282.0","201.3","43","447","19","120"
"1039","3499.2","9290.0","191.3","50","472","20","119"
"1040","3502.3","9299.0","185.7","55","488","20","119"
"1041","3505.4","9307.0","183.9","56","493","20","119"
"1042","3508.8","9316.0","182.7","57","497","19","119"
"1043","3511.9","9325.0","184.5","56","492","18","119"
"1044","3515.3","9334.0","184.9","55","490","19","119"
"1045","3518.6","9343.0","188.1","53","481","18","119"
"1046","3521.9","9351.0","188.1","53","481","18","120"
"1047","3525.1","9360.0","184.9","55","490","19","120"
"1048","3527.8","9368.0","184.9","55","490","19","121"
"1049","3530.7","9376.0","172.9","68","533","22","121"
"1050","3533.5","9384.0","177.0","63","517","21","122"
"1051","3536.5","9392.0","180.7","59","504","20","123"
"1052","3539.4","9400.0","180.7","59","504","20","123"
"1053","3542.2","9407.0","189.9","51","476","21","123"
"1054","3545.1","9415.0","192.5","49","469","21","123"
"1055","3548.0","9423.0","190.5","51","474","21","123"
"1056","3550.9","9430.0","190.5","51","474","21","123"
"1057","3554.1","9438.0","204.6","41","440","19","122"
"1058","3557.2","9445.0","204.6","41","440","19","122"
"1059","3560.3","9453.0","207.0","39","436","20","122"
"1060","3563.6","9462.0","196.5","46","459","19","121"
"1061","3566.8","9470.0","196.5","46","459","19","121"
"1062","3570.2","9478.0","198.4","45","454","18","121"
"1063","3573.3","9486.0","198.8","45","453","18","121"
"1064","3576.8","9495.0","195.4","47","461","19","122"
"1065","3580.0","9503.0","197.3","46","457","18","122"
"1066","3583.2","9512.0","197.3","46","457","18","122"
"1067","3586.6","9520.0","193.4","48","466","18","122"
"1068","3589.9","9529.0","193.4","48","466","18","121"
"1069","3593.0","9538.0","188.6","52","479","19","121"
"1070","3596.1","9546.0","187.4","53","483","19","121"
"1071","3599.2","9554.0","187.4","53","483","19","121"
"1072","3602.4","9562.0","193.4","48","466","19","120"
"1073","3605.4","9570.0","192.5","49","469","19","120"
"1074","3608.6","9578.0","188.1","53","481","19","120"
"1075","3612.0","9587.0","194.5","48","463","18","120"
"1076","3615.4","9596.0","194.5","48","463","18","120"
"1077","3618.5","9604.0","195.8","47","460","19","120"
"1078","3621.9","9612.0","195.8","47","460","19","120"
"1079","3624.8","9620.0","194.1","48","464","18","120"
"1080","3628.0","9628.0","193.2","49","467","19","120"
"1081","3631.5","9637.0","197.9","45","455","17","120"
"1082","3634.9","9646.0","197.9","45","455","17","120"
"1083","3638.4","9654.0","199.1","44","452","17","120"
"1084","3641.9","9663.0","201.5","43","447","17","120"
"1085","3645.4","9672.0","199.1","44","452","17","120"
"1086","3648.9","9681.0","190.8","50","473","17","120"
"1087","3652.3","9690.0","192.3","49","469","17","120"
"1088","3655.7","9699.0","191.7","50","471","17","120"
"1089","3659.0","9707.0","199.4","44","452","18","119"
"1090","3662.5","9716.0","193.6","48","466","17","119"
"1091","3666.0","9726.0","192.9","49","468","17","119"
"1092","3669.3","9734.0","192.9","49","468","17","119"
"1093","3672.7","9743.0","193.1","49","467","19","119"
"1094","3676.2","9752.0","190.8","50","473","17","119"
"1095","3679.6","9761.0","191.8","50","470","17","120"
"1096","3683.1","9770.0","191.4","50","472","17","120"
"1097","3686.7","9780.0","191.4","50","472","17","121"
"1098","3690.3","9789.0","191.9","50","470","17","122"
"1099","3693.7","9798.0","196.2","46","459","16","122"
"1100","3697.0","9806.0","200.9","43","448","18","121"
"1101","3700.4","9814.0","200.9","43","448","18","121"
"1102","3704.0","9823.0","206.3","40","437","17","120"
"1103","3707.4","9831.0","206.3","40","437","17","120"
"1104","3711.0","9840.0","206.8","40","436","17","119"
"1105","3714.1","9848.0","206.8","40","436","17","118"
"1106","3717.2","9856.0","199.0","44","453","19","117"
"1107","3720.1","9864.0","182.5","58","498","21","116"
"1108","3722.8","9872.0","182.5","58","498","21","117"
"1109","3725.4","9879.0","179.2","61","509","22","117"
"1110","3728.2","9887.0","175.6","65","522","23","117"
"1111","3730.8","9894.0","173.1","67","532","22","118"
"1112","3733.4","9902.0","175.1","65","524","23","118"
"1113","3736.2","9910.0","174.2","66","528","23","119"
"1114","3739.1","9918.0","176.9","63","517","21","120"
"1115","3741.9","9926.0","176.9","63","517","21","121"
"1116","3744.6","9934.0","179.0","61","510","22","121"
"1117","3747.4","9941.0","180.6","59","504","21","122"
"1118","3750.3","9949.0","181.2","59","502","22","123"
"1119","3753.2","9957.0","180.7","59","504","21","123"
"1120","3756.2","9965.0","181.6","58","501","20","124"
"1121","3759.2","9973.0","185.8","55","488","20","124"
"1122","3762.2","9982.0","189.0","52","478","20","124"
"1123","3765.1","9989.0","182.9","57","497","20","124"
"1124","3768.1","9997.0","186.7","54","485","21","124"
