Date_Time,Lat,Lon,Elev,Heart
2018-07-21T14:50:17Z,40.0074640,-79.5889400,290.0,76
2018-07-21T14:50:20Z,40.0075000,-79.5889430,289.8,76
2018-07-21T14:50:23Z,40.0075380,-79.5889360,289.8,76
2018-07-21T14:50:26Z,40.0075740,-79.5889310,289.7,76
2018-07-21T14:50:28Z,40.0076010,-79.5889340,289.7,76
2018-07-21T14:50:31Z,40.0076350,-79.5889350,289.6,76
2018-07-21T14:50:34Z,40.0076700,-79.5889330,289.6,76
2018-07-21T14:50:37Z,40.0077020,-79.5889310,289.5,76
2018-07-21T14:50:40Z,40.0077420,-79.5889250,289.5,76
2018-07-21T14:50:43Z,40.0077780,-79.5889190,289.4,76
2018-07-21T14:50:45Z,40.0078060,-79.5889210,289.3,76
2018-07-21T14:50:48Z,40.0078380,-79.5889250,289.3,76
2018-07-21T14:50:51Z,40.0078720,-79.5889290,289.2,75
2018-07-21T14:50:54Z,40.0079110,-79.5889320,289.2,74
2018-07-21T14:50:57Z,40.0079470,-79.5889220,289.1,75
2018-07-21T14:51:00Z,40.0079820,-79.5889190,289.1,74
2018-07-21T14:51:02Z,40.0080130,-79.5889200,289.0,75
2018-07-21T14:51:05Z,40.0080470,-79.5889190,288.9,76
2018-07-21T14:51:08Z,40.0080800,-79.5889220,288.9,76
2018-07-21T14:51:10Z,40.0081090,-79.5889240,288.8,75
2018-07-21T14:51:13Z,40.0081420,-79.5889220,288.7,75
2018-07-21T14:51:16Z,40.0081870,-79.5889200,288.6,74
2018-07-21T14:51:18Z,40.0082210,-79.5889180,288.5,74
2018-07-21T14:51:22Z,40.0082500,-79.5889200,288.5,73
2018-07-21T14:51:25Z,40.0082820,-79.5889120,288.4,71
2018-07-21T14:51:27Z,40.0083090,-79.5889010,288.3,72
2018-07-21T14:51:29Z,40.0083410,-79.5888960,288.3,73
2018-07-21T14:51:31Z,40.0083700,-79.5888980,288.2,73
2018-07-21T14:51:33Z,40.0083980,-79.5889010,288.1,73
2018-07-21T14:51:35Z,40.0084260,-79.5888980,288.1,73
2018-07-21T14:51:38Z,40.0084560,-79.5888980,288.0,74
2018-07-21T14:51:41Z,40.0084880,-79.5888970,288.1,76
2018-07-21T14:51:44Z,40.0085280,-79.5888940,288.2,78
2018-07-21T14:51:46Z,40.0085590,-79.5888900,288.2,78
2018-07-21T14:51:48Z,40.0085900,-79.5888900,288.3,78
2018-07-21T14:51:52Z,40.0086210,-79.5888930,288.4,77
2018-07-21T14:51:55Z,40.0086590,-79.5888910,288.5,76
2018-07-21T14:51:58Z,40.0086940,-79.5888950,288.5,75
2018-07-21T14:52:00Z,40.0087260,-79.5888950,288.6,76
2018-07-21T14:52:02Z,40.0087590,-79.5888950,288.7,74
2018-07-21T14:52:05Z,40.0087910,-79.5888950,288.8,76
2018-07-21T14:52:08Z,40.0088320,-79.5888960,288.9,78
2018-07-21T14:52:10Z,40.0088600,-79.5888920,288.9,78
2018-07-21T14:52:13Z,40.0088950,-79.5888790,289.0,79
2018-07-21T14:52:15Z,40.0089270,-79.5888630,289.0,79
2018-07-21T14:52:18Z,40.0089590,-79.5888620,289.0,81
2018-07-21T14:52:22Z,40.0089970,-79.5888650,289.0,81
2018-07-21T14:52:24Z,40.0090280,-79.5888690,289.0,81
2018-07-21T14:52:27Z,40.0090590,-79.5888570,289.0,82
2018-07-21T14:52:29Z,40.0090930,-79.5888490,289.0,82
2018-07-21T14:52:31Z,40.0091220,-79.5888510,289.0,82
2018-07-21T14:52:33Z,40.0091540,-79.5888560,289.0,83
2018-07-21T14:52:36Z,40.0091910,-79.5888630,289.0,83
2018-07-21T14:52:38Z,40.0092250,-79.5888620,289.0,83
2018-07-21T14:52:40Z,40.0092620,-79.5888610,289.0,81
2018-07-21T14:52:42Z,40.0092910,-79.5888640,289.0,82
2018-07-21T14:52:44Z,40.0093200,-79.5888630,289.0,82
2018-07-21T14:52:46Z,40.0093590,-79.5888570,289.0,83
2018-07-21T14:52:48Z,40.0093930,-79.5888620,289.1,83
2018-07-21T14:52:52Z,40.0094230,-79.5888660,289.2,82
2018-07-21T14:52:55Z,40.0094580,-79.5888700,289.3,85
2018-07-21T14:52:57Z,40.0094880,-79.5888690,289.3,85
2018-07-21T14:52:59Z,40.0095220,-79.5888650,289.4,85
2018-07-21T14:53:02Z,40.0095610,-79.5888700,289.5,84
2018-07-21T14:53:04Z,40.0095930,-79.5888670,289.6,83
2018-07-21T14:53:06Z,40.0096210,-79.5888670,289.7,84
2018-07-21T14:53:08Z,40.0096590,-79.5888670,289.7,84
2018-07-21T14:53:10Z,40.0097050,-79.5888680,289.8,84
2018-07-21T14:53:12Z,40.0097460,-79.5888680,289.9,83
2018-07-21T14:53:14Z,40.0097790,-79.5888720,290.0,82
2018-07-21T14:53:17Z,40.0098110,-79.5888860,290.0,81
2018-07-21T14:53:21Z,40.0098470,-79.5888970,290.0,79
2018-07-21T14:53:24Z,40.0098780,-79.5888910,290.0,78
2018-07-21T14:53:27Z,40.0099070,-79.5888820,290.0,78
2018-07-21T14:53:29Z,40.0099380,-79.5888710,290.0,79
2018-07-21T14:53:31Z,40.0099720,-79.5888600,290.0,80
2018-07-21T14:53:33Z,40.0100130,-79.5888570,290.0,80
2018-07-21T14:53:35Z,40.0100500,-79.5888520,290.0,81
2018-07-21T14:53:38Z,40.0100810,-79.5888480,290.0,82
2018-07-21T14:53:42Z,40.0101090,-79.5888430,289.9,82
2018-07-21T14:53:44Z,40.0101380,-79.5888310,289.9,81
2018-07-21T14:53:46Z,40.0101710,-79.5888310,290.0,82
2018-07-21T14:53:48Z,40.0102040,-79.5888270,290.0,83
2018-07-21T14:53:51Z,40.0102410,-79.5888320,290.0,83
2018-07-21T14:53:54Z,40.0102780,-79.5888390,290.0,84
2018-07-21T14:53:56Z,40.0103100,-79.5888470,290.0,82
2018-07-21T14:53:58Z,40.0103490,-79.5888650,290.0,83
2018-07-21T14:54:01Z,40.0103770,-79.5888830,290.0,84
2018-07-21T14:54:05Z,40.0104150,-79.5888870,290.0,83
2018-07-21T14:54:08Z,40.0104570,-79.5888870,290.1,83
2018-07-21T14:54:10Z,40.0104880,-79.5888830,290.1,83
2018-07-21T14:54:12Z,40.0105160,-79.5888850,290.1,83
2018-07-21T14:54:14Z,40.0105480,-79.5888780,290.1,82
2018-07-21T14:54:16Z,40.0105790,-79.5888670,290.1,84
2018-07-21T14:54:18Z,40.0106210,-79.5888610,290.1,85
2018-07-21T14:54:20Z,40.0106580,-79.5888570,290.2,85
2018-07-21T14:54:23Z,40.0106880,-79.5888550,290.2,85
2018-07-21T14:54:27Z,40.0107180,-79.5888540,290.2,85
2018-07-21T14:54:30Z,40.0107520,-79.5888430,290.2,85
2018-07-21T14:54:32Z,40.0107810,-79.5888410,290.2,86
2018-07-21T14:54:34Z,40.0108110,-79.5888440,290.2,87
2018-07-21T14:54:36Z,40.0108430,-79.5888450,290.2,87
2018-07-21T14:54:38Z,40.0108790,-79.5888510,290.3,87
2018-07-21T14:54:41Z,40.0109070,-79.5888570,290.3,87
2018-07-21T14:54:45Z,40.0109370,-79.5888480,290.3,86
2018-07-21T14:54:47Z,40.0109780,-79.5888460,290.4,87
2018-07-21T14:54:49Z,40.0110090,-79.5888440,290.5,87
2018-07-21T14:54:52Z,40.0110450,-79.5888420,290.6,87
2018-07-21T14:54:54Z,40.0110850,-79.5888450,290.7,87
2018-07-21T14:54:56Z,40.0111150,-79.5888510,290.8,87
2018-07-21T14:54:59Z,40.0111440,-79.5888570,290.9,87
2018-07-21T14:55:02Z,40.0111790,-79.5888530,291.0,87
2018-07-21T14:55:04Z,40.0112060,-79.5888540,291.0,86
2018-07-21T14:55:06Z,40.0112350,-79.5888570,291.1,86
2018-07-21T14:55:09Z,40.0112780,-79.5888730,291.1,84
2018-07-21T14:55:11Z,40.0113110,-79.5888860,291.2,84
2018-07-21T14:55:14Z,40.0113420,-79.5889050,291.2,87
2018-07-21T14:55:17Z,40.0113730,-79.5889150,291.3,87
2018-07-21T14:55:19Z,40.0114050,-79.5889210,291.3,87
2018-07-21T14:55:21Z,40.0114380,-79.5889260,291.3,87
2018-07-21T14:55:23Z,40.0114690,-79.5889280,291.4,86
2018-07-21T14:55:25Z,40.0115000,-79.5889320,291.4,86
2018-07-21T14:55:27Z,40.0115310,-79.5889330,291.5,86
2018-07-21T14:55:29Z,40.0115660,-79.5889350,291.5,85
2018-07-21T14:55:31Z,40.0115980,-79.5889410,291.5,85
2018-07-21T14:55:33Z,40.0116280,-79.5889490,291.6,84
2018-07-21T14:55:36Z,40.0116690,-79.5889630,291.6,82
2018-07-21T14:55:38Z,40.0116970,-79.5889670,291.6,83
2018-07-21T14:55:40Z,40.0117270,-79.5889670,291.7,84
2018-07-21T14:55:42Z,40.0117570,-79.5889610,291.7,83
2018-07-21T14:55:45Z,40.0117840,-79.5889580,291.7,85
2018-07-21T14:55:47Z,40.0118160,-79.5889490,291.8,85
2018-07-21T14:55:49Z,40.0118480,-79.5889480,291.8,85
2018-07-21T14:55:51Z,40.0118890,-79.5889520,291.8,86
2018-07-21T14:55:53Z,40.0119220,-79.5889510,291.9,86
2018-07-21T14:55:56Z,40.0119510,-79.5889490,291.9,83
2018-07-21T14:56:00Z,40.0119900,-79.5889450,291.9,84
2018-07-21T14:56:02Z,40.0120220,-79.5889430,292.0,85
2018-07-21T14:56:04Z,40.0120500,-79.5889430,292.0,86
2018-07-21T14:56:07Z,40.0120900,-79.5889410,292.0,85
2018-07-21T14:56:10Z,40.0121230,-79.5889330,292.1,85
2018-07-21T14:56:12Z,40.0121630,-79.5889280,292.1,86
2018-07-21T14:56:14Z,40.0122060,-79.5889300,292.1,87
2018-07-21T14:56:17Z,40.0122410,-79.5889380,292.0,85
2018-07-21T14:56:21Z,40.0122780,-79.5889490,292.0,86
2018-07-21T14:56:24Z,40.0123130,-79.5889450,292.0,86
2018-07-21T14:56:26Z,40.0123430,-79.5889420,292.0,86
2018-07-21T14:56:28Z,40.0123690,-79.5889270,292.0,88
2018-07-21T14:56:31Z,40.0124000,-79.5889120,292.0,86
2018-07-21T14:56:34Z,40.0124360,-79.5889250,292.1,85
2018-07-21T14:56:36Z,40.0124760,-79.5889350,292.1,84
2018-07-21T14:56:38Z,40.0125160,-79.5889340,292.0,83
2018-07-21T14:56:40Z,40.0125440,-79.5889330,292.0,82
2018-07-21T14:56:45Z,40.0125800,-79.5889450,292.0,83
2018-07-21T14:56:47Z,40.0126090,-79.5889500,292.0,83
2018-07-21T14:56:49Z,40.0126420,-79.5889450,292.0,84
2018-07-21T14:56:52Z,40.0126780,-79.5889280,292.1,85
2018-07-21T14:56:54Z,40.0127070,-79.5889240,292.1,85
2018-07-21T14:56:57Z,40.0127470,-79.5889270,292.2,86
2018-07-21T14:56:59Z,40.0127780,-79.5889210,292.3,87
2018-07-21T14:57:01Z,40.0128160,-79.5889160,292.4,86
2018-07-21T14:57:03Z,40.0128520,-79.5889190,292.5,87
2018-07-21T14:57:05Z,40.0128830,-79.5889330,292.5,87
2018-07-21T14:57:09Z,40.0129140,-79.5889350,292.6,87
2018-07-21T14:57:12Z,40.0129520,-79.5889270,292.7,87
2018-07-21T14:57:14Z,40.0129830,-79.5889250,292.8,87
2018-07-21T14:57:17Z,40.0130200,-79.5889260,292.8,88
2018-07-21T14:57:19Z,40.0130460,-79.5889140,292.9,88
2018-07-21T14:57:22Z,40.0130910,-79.5889180,293.0,89
2018-07-21T14:57:24Z,40.0131310,-79.5889180,293.0,90
2018-07-21T14:57:26Z,40.0131630,-79.5889200,293.0,90
2018-07-21T14:57:29Z,40.0131910,-79.5889260,293.0,90
2018-07-21T14:57:32Z,40.0132210,-79.5889290,293.0,89
2018-07-21T14:57:35Z,40.0132570,-79.5889190,293.0,88
2018-07-21T14:57:37Z,40.0132840,-79.5889030,293.0,87
2018-07-21T14:57:40Z,40.0133180,-79.5889070,293.0,86
2018-07-21T14:57:42Z,40.0133480,-79.5889150,293.0,86
2018-07-21T14:57:44Z,40.0133770,-79.5889190,293.0,86
2018-07-21T14:57:46Z,40.0134190,-79.5889140,292.9,86
2018-07-21T14:57:48Z,40.0134540,-79.5889110,292.8,87
2018-07-21T14:57:50Z,40.0134810,-79.5889200,292.7,87
2018-07-21T14:57:53Z,40.0135150,-79.5889310,292.6,87
2018-07-21T14:57:56Z,40.0135500,-79.5889420,292.5,87
2018-07-21T14:57:59Z,40.0135950,-79.5889290,292.4,86
2018-07-21T14:58:01Z,40.0136310,-79.5889170,292.3,86
2018-07-21T14:58:03Z,40.0136690,-79.5889240,292.2,86
2018-07-21T14:58:05Z,40.0137010,-79.5889380,292.1,86
2018-07-21T14:58:08Z,40.0137370,-79.5889430,292.0,86
2018-07-21T14:58:10Z,40.0137750,-79.5889430,291.8,86
2018-07-21T14:58:12Z,40.0138130,-79.5889390,291.5,85
2018-07-21T14:58:15Z,40.0138400,-79.5889350,291.3,85
2018-07-21T14:58:19Z,40.0138700,-79.5889330,291.1,83
2018-07-21T14:58:21Z,40.0139140,-79.5889350,290.8,82
2018-07-21T14:58:23Z,40.0139540,-79.5889270,290.5,81
2018-07-21T14:58:25Z,40.0139920,-79.5889220,290.2,80
2018-07-21T14:58:28Z,40.0140250,-79.5889110,290.0,80
2018-07-21T14:58:32Z,40.0140550,-79.5889090,289.7,83
2018-07-21T14:58:35Z,40.0140830,-79.5889150,289.5,83
2018-07-21T14:58:38Z,40.0141130,-79.5889230,289.3,82
2018-07-21T14:58:41Z,40.0141440,-79.5889320,289.0,81
2018-07-21T14:58:43Z,40.0141710,-79.5889400,288.8,80
2018-07-21T14:58:45Z,40.0142020,-79.5889440,288.5,80
2018-07-21T14:58:47Z,40.0142310,-79.5889450,288.3,80
2018-07-21T14:58:50Z,40.0142730,-79.5889450,287.9,79
2018-07-21T14:58:52Z,40.0143010,-79.5889470,287.7,79
2018-07-21T14:58:54Z,40.0143290,-79.5889540,287.4,78
2018-07-21T14:58:56Z,40.0143550,-79.5889640,287.2,78
2018-07-21T14:58:59Z,40.0143890,-79.5889680,286.8,78
2018-07-21T14:59:02Z,40.0144300,-79.5889790,286.4,79
2018-07-21T14:59:04Z,40.0144590,-79.5889860,286.1,78
2018-07-21T14:59:06Z,40.0144870,-79.5889890,285.9,77
2018-07-21T14:59:08Z,40.0145170,-79.5889830,285.6,76
2018-07-21T14:59:10Z,40.0145550,-79.5889820,285.2,76
2018-07-21T14:59:12Z,40.0145900,-79.5889720,284.8,75
2018-07-21T14:59:14Z,40.0146260,-79.5889590,284.4,75
2018-07-21T14:59:16Z,40.0146650,-79.5889480,284.0,75
2018-07-21T14:59:18Z,40.0147070,-79.5889450,283.8,75
2018-07-21T14:59:20Z,40.0147470,-79.5889590,283.7,74
2018-07-21T14:59:22Z,40.0147810,-79.5889690,283.5,74
2018-07-21T14:59:26Z,40.0148040,-79.5889360,283.4,75
2018-07-21T14:59:28Z,40.0148300,-79.5889150,283.3,76
2018-07-21T14:59:30Z,40.0148750,-79.5888930,283.1,76
2018-07-21T14:59:32Z,40.0149180,-79.5888830,283.1,77
2018-07-21T14:59:34Z,40.0149570,-79.5888800,283.2,77
2018-07-21T14:59:36Z,40.0149900,-79.5888810,283.3,76
2018-07-21T14:59:39Z,40.0150200,-79.5888880,283.3,77
2018-07-21T14:59:42Z,40.0150540,-79.5888980,283.4,78
2018-07-21T14:59:44Z,40.0150880,-79.5889010,283.5,79
2018-07-21T14:59:46Z,40.0151240,-79.5889060,283.5,79
2018-07-21T14:59:48Z,40.0151580,-79.5889110,283.6,80
2018-07-21T14:59:50Z,40.0151930,-79.5889120,283.7,81
2018-07-21T14:59:53Z,40.0152240,-79.5889250,283.7,81
2018-07-21T14:59:57Z,40.0152610,-79.5889170,283.8,81
2018-07-21T14:59:59Z,40.0153000,-79.5889030,283.9,82
2018-07-21T15:00:01Z,40.0153360,-79.5889050,284.0,83
2018-07-21T15:00:03Z,40.0153630,-79.5889130,284.1,82
2018-07-21T15:00:06Z,40.0153980,-79.5889200,284.2,84
2018-07-21T15:00:09Z,40.0154290,-79.5889130,284.3,86
2018-07-21T15:00:11Z,40.0154560,-79.5889030,284.4,88
2018-07-21T15:00:13Z,40.0154880,-79.5889060,284.4,88
2018-07-21T15:00:15Z,40.0155240,-79.5889200,284.5,89
2018-07-21T15:00:17Z,40.0155560,-79.5889280,284.6,88
2018-07-21T15:00:19Z,40.0155860,-79.5889170,284.7,91
2018-07-21T15:00:21Z,40.0156240,-79.5889060,284.8,91
2018-07-21T15:00:23Z,40.0156650,-79.5889110,284.9,91
2018-07-21T15:00:25Z,40.0156910,-79.5889200,285.0,92
2018-07-21T15:00:28Z,40.0157270,-79.5889230,285.1,93
2018-07-21T15:00:31Z,40.0157630,-79.5889070,285.3,93
2018-07-21T15:00:33Z,40.0157920,-79.5889030,285.4,94
2018-07-21T15:00:35Z,40.0158310,-79.5889220,285.6,94
2018-07-21T15:00:37Z,40.0158600,-79.5889380,285.8,94
2018-07-21T15:00:40Z,40.0158980,-79.5889440,285.9,94
2018-07-21T15:00:42Z,40.0159340,-79.5889340,286.1,94
2018-07-21T15:00:45Z,40.0159690,-79.5889270,286.3,94
2018-07-21T15:00:48Z,40.0159970,-79.5889300,286.4,94
2018-07-21T15:00:51Z,40.0160370,-79.5889280,286.6,93
2018-07-21T15:00:53Z,40.0160670,-79.5889370,286.7,93
2018-07-21T15:00:56Z,40.0161020,-79.5889200,286.9,93
2018-07-21T15:00:59Z,40.0161360,-79.5889330,287.1,94
2018-07-21T15:01:02Z,40.0161750,-79.5889450,287.2,94
2018-07-21T15:01:04Z,40.0162070,-79.5889520,287.3,95
2018-07-21T15:01:06Z,40.0162370,-79.5889600,287.4,95
2018-07-21T15:01:08Z,40.0162620,-79.5889780,287.5,95
2018-07-21T15:01:10Z,40.0162880,-79.5889890,287.6,94
2018-07-21T15:01:12Z,40.0163240,-79.5889910,287.6,94
2018-07-21T15:01:14Z,40.0163540,-79.5890010,287.7,93
2018-07-21T15:01:17Z,40.0163820,-79.5890150,287.7,92
2018-07-21T15:01:20Z,40.0164160,-79.5890210,287.7,92
2018-07-21T15:01:22Z,40.0164460,-79.5890180,287.7,93
2018-07-21T15:01:24Z,40.0164810,-79.5890290,287.8,93
2018-07-21T15:01:27Z,40.0165160,-79.5890390,287.9,92
2018-07-21T15:01:29Z,40.0165450,-79.5890480,288.0,92
2018-07-21T15:01:31Z,40.0165850,-79.5890490,288.0,92
2018-07-21T15:01:33Z,40.0166310,-79.5890510,288.0,92
2018-07-21T15:01:35Z,40.0166630,-79.5890600,287.9,92
2018-07-21T15:01:38Z,40.0166950,-79.5890850,287.7,91
2018-07-21T15:01:40Z,40.0167210,-79.5891000,287.6,91
2018-07-21T15:01:43Z,40.0167600,-79.5891100,287.2,92
2018-07-21T15:01:46Z,40.0168030,-79.5890910,286.8,90
2018-07-21T15:01:48Z,40.0168460,-79.5890720,286.3,89
2018-07-21T15:01:50Z,40.0168900,-79.5890800,285.9,89
2018-07-21T15:01:52Z,40.0169160,-79.5890990,285.6,88
2018-07-21T15:01:55Z,40.0169510,-79.5891100,285.4,87
2018-07-21T15:01:58Z,40.0169910,-79.5891190,285.0,87
2018-07-21T15:02:00Z,40.0170220,-79.5891380,284.7,86
2018-07-21T15:02:02Z,40.0170500,-79.5891610,284.3,86
2018-07-21T15:02:04Z,40.0170840,-79.5891790,284.0,86
2018-07-21T15:02:06Z,40.0171230,-79.5891850,284.0,86
2018-07-21T15:02:08Z,40.0171620,-79.5891950,284.0,86
2018-07-21T15:02:10Z,40.0172020,-79.5892040,283.9,85
2018-07-21T15:02:12Z,40.0172420,-79.5892080,283.7,83
2018-07-21T15:02:14Z,40.0172750,-79.5892100,283.6,82
2018-07-21T15:02:17Z,40.0173110,-79.5892220,283.5,80
2018-07-21T15:02:19Z,40.0173370,-79.5892390,283.4,80
2018-07-21T15:02:26Z,40.0173710,-79.5892380,283.3,80
2018-07-21T15:02:29Z,40.0174060,-79.5892350,283.2,79
2018-07-21T15:02:32Z,40.0174330,-79.5892230,283.1,77
2018-07-21T15:02:34Z,40.0174710,-79.5892210,282.9,77
2018-07-21T15:02:36Z,40.0174980,-79.5892260,282.8,77
2018-07-21T15:02:39Z,40.0175290,-79.5892350,282.7,76
2018-07-21T15:02:42Z,40.0175660,-79.5892320,282.5,77
2018-07-21T15:02:45Z,40.0175940,-79.5892310,282.4,78
2018-07-21T15:02:47Z,40.0176150,-79.5892590,282.2,80
2018-07-21T15:02:49Z,40.0176210,-79.5893160,282.0,80
2018-07-21T15:02:51Z,40.0176220,-79.5893740,281.5,82
2018-07-21T15:02:52Z,40.0176260,-79.5894090,280.4,82
2018-07-21T15:02:53Z,40.0176280,-79.5894460,280.3,82
2018-07-21T15:02:55Z,40.0176360,-79.5895110,280.2,82
2018-07-21T15:02:57Z,40.0176530,-79.5895660,280.0,81
2018-07-21T15:02:59Z,40.0176690,-79.5896070,279.9,81
2018-07-21T15:03:02Z,40.0176810,-79.5896480,279.8,81
2018-07-21T15:03:05Z,40.0176810,-79.5896900,279.7,78
2018-07-21T15:03:07Z,40.0176720,-79.5897340,279.6,78
2018-07-21T15:03:09Z,40.0176680,-79.5897730,279.5,77
2018-07-21T15:03:12Z,40.0176600,-79.5898140,279.3,75
2018-07-21T15:03:14Z,40.0176540,-79.5898500,279.2,75
2018-07-21T15:03:16Z,40.0176530,-79.5898920,279.0,75
2018-07-21T15:03:20Z,40.0176520,-79.5899330,278.9,75
2018-07-21T15:03:23Z,40.0176340,-79.5899700,278.7,76
2018-07-21T15:03:26Z,40.0176190,-79.5900190,278.6,74
2018-07-21T15:03:29Z,40.0176110,-79.5900730,278.5,74
2018-07-21T15:03:31Z,40.0176070,-79.5901170,278.5,74
2018-07-21T15:03:33Z,40.0176010,-79.5901520,278.4,74
2018-07-21T15:03:36Z,40.0176060,-79.5901990,278.3,74
2018-07-21T15:03:38Z,40.0176380,-79.5902170,278.3,74
2018-07-21T15:03:41Z,40.0176700,-79.5902220,278.2,77
2018-07-21T15:03:44Z,40.0176770,-79.5902570,278.2,79
2018-07-21T15:03:47Z,40.0176820,-79.5903060,278.1,79
2018-07-21T15:03:49Z,40.0176870,-79.5903550,278.1,80
2018-07-21T15:03:53Z,40.0176670,-79.5903900,278.0,80
2018-07-21T15:03:56Z,40.0176580,-79.5904270,277.9,78
2018-07-21T15:03:59Z,40.0176880,-79.5904520,277.8,74
2018-07-21T15:04:06Z,40.0177210,-79.5904550,277.7,74
2018-07-21T15:04:09Z,40.0177480,-79.5904640,277.6,73
2018-07-21T15:04:12Z,40.0177770,-79.5904680,277.5,72
2018-07-21T15:04:17Z,40.0178080,-79.5904740,277.4,75
2018-07-21T15:04:21Z,40.0178370,-79.5904840,277.2,75
2018-07-21T15:04:23Z,40.0178660,-79.5904870,277.1,74
2018-07-21T15:04:27Z,40.0179010,-79.5904940,276.9,74
2018-07-21T15:04:29Z,40.0179350,-79.5905030,276.6,74
2018-07-21T15:04:31Z,40.0179640,-79.5905090,276.4,74
2018-07-21T15:04:34Z,40.0179970,-79.5905210,276.2,74
2018-07-21T15:04:36Z,40.0180190,-79.5905600,276.1,74
2018-07-21T15:04:38Z,40.0180350,-79.5906050,275.8,74
2018-07-21T15:04:40Z,40.0180490,-79.5906410,275.8,74
2018-07-21T15:04:43Z,40.0180520,-79.5906860,275.8,75
2018-07-21T15:04:45Z,40.0180510,-79.5907280,275.7,75
2018-07-21T15:04:47Z,40.0180510,-79.5907770,275.7,73
2018-07-21T15:04:49Z,40.0180600,-79.5908190,275.6,73
2018-07-21T15:04:51Z,40.0180670,-79.5908690,275.6,74
2018-07-21T15:04:53Z,40.0180680,-79.5909180,275.6,74
2018-07-21T15:04:55Z,40.0180670,-79.5909690,275.5,74
2018-07-21T15:04:58Z,40.0180690,-79.5910100,275.5,74
2018-07-21T15:05:02Z,40.0180700,-79.5910480,275.4,74
2018-07-21T15:05:05Z,40.0180700,-79.5910940,275.4,76
2018-07-21T15:05:08Z,40.0180740,-79.5911430,275.4,76
2018-07-21T15:05:10Z,40.0180790,-79.5911900,275.3,77
2018-07-21T15:05:12Z,40.0180780,-79.5912270,275.3,78
2018-07-21T15:05:14Z,40.0180780,-79.5912640,275.2,77
2018-07-21T15:05:16Z,40.0180770,-79.5913030,275.2,77
2018-07-21T15:05:18Z,40.0180760,-79.5913580,275.1,77
2018-07-21T15:05:22Z,40.0180680,-79.5914010,275.1,75
2018-07-21T15:05:26Z,40.0181080,-79.5914220,274.7,76
2018-07-21T15:05:28Z,40.0181500,-79.5914220,274.6,77
2018-07-21T15:05:30Z,40.0181880,-79.5914190,274.5,78
2018-07-21T15:05:32Z,40.0182180,-79.5914200,274.4,78
2018-07-21T15:05:34Z,40.0182410,-79.5914430,274.3,78
2018-07-21T15:05:37Z,40.0182750,-79.5914690,274.1,77
2018-07-21T15:05:39Z,40.0183020,-79.5914750,274.0,76
2018-07-21T15:05:42Z,40.0183320,-79.5914710,273.8,75
2018-07-21T15:05:46Z,40.0183450,-79.5914380,273.7,77
2018-07-21T15:05:52Z,40.0183460,-79.5914740,273.6,83
2018-07-21T15:05:56Z,40.0183360,-79.5915140,273.6,85
2018-07-21T15:06:00Z,40.0183040,-79.5915030,273.8,87
2018-07-21T15:06:10Z,40.0182820,-79.5914790,273.8,87
2018-07-21T15:06:27Z,40.0183100,-79.5914620,274.0,81
2018-07-21T15:06:30Z,40.0183370,-79.5914410,274.1,82
2018-07-21T15:06:36Z,40.0183110,-79.5914290,274.2,82
2018-07-21T15:06:38Z,40.0182720,-79.5914210,274.3,83
2018-07-21T15:06:40Z,40.0182420,-79.5914290,274.4,83
2018-07-21T15:06:43Z,40.0182090,-79.5914390,274.5,83
2018-07-21T15:06:46Z,40.0181750,-79.5914340,274.6,84
2018-07-21T15:06:48Z,40.0181480,-79.5914440,274.6,82
2018-07-21T15:06:51Z,40.0181080,-79.5914580,274.8,82
2018-07-21T15:06:53Z,40.0180620,-79.5914630,274.9,82
2018-07-21T15:06:55Z,40.0180260,-79.5914660,275.0,82
2018-07-21T15:06:57Z,40.0179960,-79.5914610,274.9,83
2018-07-21T15:06:59Z,40.0179690,-79.5914500,274.7,84
2018-07-21T15:07:02Z,40.0179340,-79.5914360,274.6,85
2018-07-21T15:07:04Z,40.0179030,-79.5914280,274.5,86
2018-07-21T15:07:06Z,40.0178760,-79.5914220,274.4,85
2018-07-21T15:07:08Z,40.0178430,-79.5914240,274.2,85
2018-07-21T15:07:10Z,40.0178090,-79.5914240,274.1,84
2018-07-21T15:07:12Z,40.0177790,-79.5914200,274.0,83
2018-07-21T15:07:15Z,40.0177500,-79.5914140,273.9,81
2018-07-21T15:07:17Z,40.0177190,-79.5914100,273.8,81
2018-07-21T15:07:19Z,40.0176840,-79.5914030,273.7,83
2018-07-21T15:07:21Z,40.0176570,-79.5913950,273.6,83
2018-07-21T15:07:25Z,40.0176250,-79.5913770,273.5,84
2018-07-21T15:07:27Z,40.0175940,-79.5913790,273.4,84
2018-07-21T15:07:29Z,40.0175650,-79.5913740,273.3,83
2018-07-21T15:07:31Z,40.0175460,-79.5913410,273.2,83
2018-07-21T15:07:33Z,40.0175500,-79.5912900,273.5,84
2018-07-21T15:07:35Z,40.0175610,-79.5912560,273.7,86
2018-07-21T15:07:38Z,40.0175740,-79.5912200,273.9,88
2018-07-21T15:07:40Z,40.0175780,-79.5911780,274.2,88
2018-07-21T15:07:42Z,40.0175850,-79.5911390,274.4,89
2018-07-21T15:07:44Z,40.0175890,-79.5910890,274.7,89
2018-07-21T15:07:46Z,40.0175920,-79.5910420,275.0,91
2018-07-21T15:07:49Z,40.0176030,-79.5909970,275.3,92
2018-07-21T15:07:51Z,40.0176100,-79.5909610,275.5,93
2018-07-21T15:07:53Z,40.0176160,-79.5909180,275.8,94
2018-07-21T15:07:55Z,40.0176240,-79.5908770,276.0,95
2018-07-21T15:07:58Z,40.0176200,-79.5908360,276.1,96
2018-07-21T15:08:01Z,40.0176100,-79.5907900,276.3,96
2018-07-21T15:08:04Z,40.0176090,-79.5907380,276.4,96
2018-07-21T15:08:06Z,40.0176100,-79.5906970,276.6,96
2018-07-21T15:08:09Z,40.0176200,-79.5906560,276.7,96
2018-07-21T15:08:12Z,40.0176330,-79.5906080,276.9,97
2018-07-21T15:08:14Z,40.0176370,-79.5905690,277.0,97
2018-07-21T15:08:17Z,40.0176230,-79.5905210,277.1,96
2018-07-21T15:08:19Z,40.0176170,-79.5904710,277.3,96
2018-07-21T15:08:21Z,40.0176160,-79.5904350,277.4,96
2018-07-21T15:08:25Z,40.0176280,-79.5903850,277.6,95
2018-07-21T15:08:28Z,40.0176410,-79.5903350,277.7,95
2018-07-21T15:08:30Z,40.0176490,-79.5902890,277.9,95
2018-07-21T15:08:35Z,40.0176180,-79.5902800,278.0,95
2018-07-21T15:08:38Z,40.0175850,-79.5902840,278.0,96
2018-07-21T15:08:40Z,40.0175740,-79.5902490,278.1,96
2018-07-21T15:08:42Z,40.0175740,-79.5902030,278.2,97
2018-07-21T15:08:44Z,40.0175750,-79.5901660,278.2,97
2018-07-21T15:08:47Z,40.0175700,-79.5901300,278.3,95
2018-07-21T15:08:50Z,40.0175560,-79.5900870,278.4,94
2018-07-21T15:08:53Z,40.0175350,-79.5900430,278.4,94
2018-07-21T15:08:55Z,40.0175400,-79.5900060,278.5,94
2018-07-21T15:08:57Z,40.0175550,-79.5899640,278.6,93
2018-07-21T15:09:02Z,40.0175710,-79.5899220,278.7,94
2018-07-21T15:09:05Z,40.0175770,-79.5898710,278.9,94
2018-07-21T15:09:07Z,40.0175830,-79.5898300,279.1,94
2018-07-21T15:09:09Z,40.0175990,-79.5897890,279.2,95
2018-07-21T15:09:11Z,40.0176180,-79.5897400,279.5,96
2018-07-21T15:09:13Z,40.0176310,-79.5896990,279.6,96
2018-07-21T15:09:16Z,40.0176420,-79.5896530,279.8,96
2018-07-21T15:09:18Z,40.0176440,-79.5896120,279.9,96
2018-07-21T15:09:20Z,40.0176450,-79.5895660,280.0,97
2018-07-21T15:09:22Z,40.0176380,-79.5895230,280.1,97
2018-07-21T15:09:24Z,40.0176410,-79.5894610,280.3,97
2018-07-21T15:09:26Z,40.0176470,-79.5894190,280.4,98
2018-07-21T15:09:28Z,40.0176470,-79.5893830,280.5,97
2018-07-21T15:09:31Z,40.0176130,-79.5893570,281.5,96
2018-07-21T15:09:33Z,40.0175740,-79.5893440,282.1,96
2018-07-21T15:09:35Z,40.0175400,-79.5893410,282.3,96
2018-07-21T15:09:39Z,40.0175080,-79.5893370,282.5,96
2018-07-21T15:09:41Z,40.0174810,-79.5893320,282.6,97
2018-07-21T15:09:44Z,40.0174500,-79.5893270,282.8,97
2018-07-21T15:09:46Z,40.0174150,-79.5893310,283.0,97
2018-07-21T15:09:49Z,40.0173800,-79.5893200,283.1,98
2018-07-21T15:09:52Z,40.0173420,-79.5893060,283.3,98
2018-07-21T15:09:55Z,40.0173070,-79.5893030,283.4,99
2018-07-21T15:09:57Z,40.0172730,-79.5892970,283.6,99
2018-07-21T15:10:00Z,40.0172460,-79.5892870,283.7,99
2018-07-21T15:10:04Z,40.0172160,-79.5892870,283.8,101
2018-07-21T15:10:06Z,40.0171890,-79.5892890,283.9,101
2018-07-21T15:10:08Z,40.0171540,-79.5892900,284.0,100
2018-07-21T15:10:10Z,40.0171240,-79.5892820,284.0,100
2018-07-21T15:10:12Z,40.0170970,-79.5892610,284.0,100
2018-07-21T15:10:14Z,40.0170600,-79.5892340,284.1,100
2018-07-21T15:10:16Z,40.0170290,-79.5892150,284.5,101
2018-07-21T15:10:18Z,40.0169950,-79.5892030,284.9,101
2018-07-21T15:10:20Z,40.0169570,-79.5892000,285.2,101
2018-07-21T15:10:23Z,40.0169230,-79.5892170,285.5,101
2018-07-21T15:10:26Z,40.0168850,-79.5892230,285.8,102
2018-07-21T15:10:29Z,40.0168340,-79.5892260,286.3,103
2018-07-21T15:10:31Z,40.0168050,-79.5892210,286.6,104
2018-07-21T15:10:34Z,40.0167760,-79.5892020,286.9,105
2018-07-21T15:10:36Z,40.0167490,-79.5891830,287.2,105
2018-07-21T15:10:40Z,40.0167200,-79.5891910,287.5,106
2018-07-21T15:10:42Z,40.0166910,-79.5891960,287.7,106
2018-07-21T15:10:45Z,40.0166620,-79.5891850,287.8,103
2018-07-21T15:10:48Z,40.0166310,-79.5891790,288.0,101
2018-07-21T15:10:50Z,40.0166030,-79.5891840,288.0,100
2018-07-21T15:10:53Z,40.0165680,-79.5891740,288.0,98
2018-07-21T15:10:56Z,40.0165320,-79.5891480,288.0,97
2018-07-21T15:10:58Z,40.0164980,-79.5891410,287.9,97
2018-07-21T15:11:02Z,40.0164700,-79.5891290,287.8,99
2018-07-21T15:11:05Z,40.0164330,-79.5891300,287.7,99
2018-07-21T15:11:07Z,40.0164050,-79.5891270,287.7,99
2018-07-21T15:11:09Z,40.0163710,-79.5891150,287.7,99
2018-07-21T15:11:11Z,40.0163340,-79.5891010,287.6,94
2018-07-21T15:11:14Z,40.0163070,-79.5890950,287.6,92
2018-07-21T15:11:21Z,40.0162670,-79.5890680,287.5,103
2018-07-21T15:11:23Z,40.0162260,-79.5890550,287.4,101
2018-07-21T15:11:25Z,40.0161920,-79.5890590,287.3,100
2018-07-21T15:11:27Z,40.0161570,-79.5890650,287.2,96
2018-07-21T15:11:29Z,40.0161270,-79.5890590,287.1,94
2018-07-21T15:11:31Z,40.0160950,-79.5890480,286.9,92
2018-07-21T15:11:33Z,40.0160560,-79.5890170,286.7,90
2018-07-21T15:11:35Z,40.0160290,-79.5890010,286.6,90
2018-07-21T15:11:38Z,40.0159980,-79.5889980,286.5,88
2018-07-21T15:11:40Z,40.0159620,-79.5889920,286.3,88
2018-07-21T15:11:42Z,40.0159320,-79.5889730,286.2,87
2018-07-21T15:11:44Z,40.0159040,-79.5889500,286.0,86
2018-07-21T15:11:46Z,40.0158710,-79.5889180,285.8,86
2018-07-21T15:11:48Z,40.0158380,-79.5889110,285.7,86
2018-07-21T15:11:50Z,40.0158070,-79.5889210,285.5,84
2018-07-21T15:11:52Z,40.0157810,-79.5889350,285.4,84
2018-07-21T15:11:55Z,40.0157560,-79.5889520,285.3,83
2018-07-21T15:12:01Z,40.0157350,-79.5889810,285.2,84
2018-07-21T15:12:04Z,40.0156980,-79.5889710,285.0,83
2018-07-21T15:12:06Z,40.0156650,-79.5889670,284.9,83
2018-07-21T15:12:08Z,40.0156340,-79.5889740,284.8,83
2018-07-21T15:12:10Z,40.0155940,-79.5889790,284.7,83
2018-07-21T15:12:12Z,40.0155600,-79.5889890,284.6,84
2018-07-21T15:12:14Z,40.0155250,-79.5889910,284.5,82
2018-07-21T15:12:18Z,40.0154900,-79.5889940,284.5,84
2018-07-21T15:12:20Z,40.0154600,-79.5889970,284.4,84
2018-07-21T15:12:22Z,40.0154300,-79.5889950,284.3,84
2018-07-21T15:12:24Z,40.0154000,-79.5890050,284.2,84
2018-07-21T15:12:26Z,40.0153660,-79.5890230,284.1,85
2018-07-21T15:12:28Z,40.0153330,-79.5890280,284.0,85
2018-07-21T15:12:30Z,40.0153060,-79.5890290,283.9,84
2018-07-21T15:12:33Z,40.0152730,-79.5890330,283.8,85
2018-07-21T15:12:35Z,40.0152430,-79.5890330,283.8,83
2018-07-21T15:12:38Z,40.0151970,-79.5890330,283.7,86
2018-07-21T15:12:40Z,40.0151590,-79.5890300,283.6,86
2018-07-21T15:12:42Z,40.0151230,-79.5890330,283.5,86
2018-07-21T15:12:44Z,40.0150910,-79.5890420,283.5,86
2018-07-21T15:12:46Z,40.0150540,-79.5890470,283.4,85
2018-07-21T15:12:48Z,40.0150140,-79.5890460,283.3,85
2018-07-21T15:12:50Z,40.0149840,-79.5890410,283.2,86
2018-07-21T15:12:53Z,40.0149500,-79.5890270,283.2,86
2018-07-21T15:12:56Z,40.0149230,-79.5890160,283.1,85
2018-07-21T15:12:59Z,40.0148940,-79.5890200,283.0,85
2018-07-21T15:13:01Z,40.0148660,-79.5890210,283.1,85
2018-07-21T15:13:03Z,40.0148290,-79.5890110,283.3,85
2018-07-21T15:13:06Z,40.0147860,-79.5890200,283.5,86
2018-07-21T15:13:08Z,40.0147460,-79.5890240,283.6,86
2018-07-21T15:13:11Z,40.0147080,-79.5890120,283.8,87
2018-07-21T15:13:14Z,40.0146780,-79.5890140,283.9,87
2018-07-21T15:13:16Z,40.0146510,-79.5890190,284.2,87
2018-07-21T15:13:18Z,40.0146210,-79.5890200,284.5,88
2018-07-21T15:13:20Z,40.0145910,-79.5890110,284.8,89
2018-07-21T15:13:22Z,40.0145530,-79.5890110,285.2,89
2018-07-21T15:13:24Z,40.0145250,-79.5890120,285.5,90
2018-07-21T15:13:28Z,40.0144880,-79.5890090,285.8,91
2018-07-21T15:13:31Z,40.0144480,-79.5890040,286.2,92
2018-07-21T15:13:34Z,40.0144180,-79.5890070,286.5,92
2018-07-21T15:13:37Z,40.0143890,-79.5890190,286.8,93
2018-07-21T15:13:39Z,40.0143560,-79.5890160,287.1,92
2018-07-21T15:13:41Z,40.0143230,-79.5890150,287.5,95
2018-07-21T15:13:44Z,40.0142930,-79.5890090,287.7,96
2018-07-21T15:13:46Z,40.0142600,-79.5890010,288.0,97
2018-07-21T15:13:48Z,40.0142260,-79.5889950,288.3,98
2018-07-21T15:13:50Z,40.0141990,-79.5889920,288.6,97
2018-07-21T15:13:52Z,40.0141720,-79.5889870,288.8,98
2018-07-21T15:13:55Z,40.0141290,-79.5889880,289.1,100
2018-07-21T15:13:58Z,40.0140960,-79.5889890,289.4,100
2018-07-21T15:14:01Z,40.0140550,-79.5889930,289.7,98
2018-07-21T15:14:06Z,40.0140220,-79.5890080,290.0,99
2018-07-21T15:14:08Z,40.0139920,-79.5890090,290.2,99
2018-07-21T15:14:11Z,40.0139640,-79.5890120,290.4,100
2018-07-21T15:14:13Z,40.0139320,-79.5890180,290.6,101
2018-07-21T15:14:15Z,40.0138970,-79.5890110,290.9,101
2018-07-21T15:14:18Z,40.0138550,-79.5890090,291.2,103
2018-07-21T15:14:20Z,40.0138230,-79.5890150,291.4,104
2018-07-21T15:14:23Z,40.0137870,-79.5890160,291.7,105
2018-07-21T15:14:25Z,40.0137590,-79.5890130,291.9,104
2018-07-21T15:14:28Z,40.0137230,-79.5890100,292.0,103
2018-07-21T15:14:30Z,40.0136820,-79.5890030,292.1,103
2018-07-21T15:14:32Z,40.0136550,-79.5889950,292.2,103
2018-07-21T15:14:35Z,40.0136110,-79.5889890,292.3,101
2018-07-21T15:14:37Z,40.0135740,-79.5889960,292.4,101
2018-07-21T15:14:39Z,40.0135330,-79.5889930,292.6,102
2018-07-21T15:14:42Z,40.0135060,-79.5889800,292.6,101
2018-07-21T15:14:45Z,40.0134780,-79.5889680,292.7,102
2018-07-21T15:14:47Z,40.0134450,-79.5889600,292.8,102
2018-07-21T15:14:50Z,40.0134130,-79.5889640,292.9,103
2018-07-21T15:14:52Z,40.0133850,-79.5889650,293.0,102
2018-07-21T15:14:55Z,40.0133470,-79.5889620,293.0,103
2018-07-21T15:14:58Z,40.0133160,-79.5889620,293.0,103
2018-07-21T15:15:00Z,40.0132880,-79.5889550,293.0,102
2018-07-21T15:15:02Z,40.0132550,-79.5889580,293.0,102
2018-07-21T15:15:05Z,40.0132180,-79.5889730,293.0,102
2018-07-21T15:15:08Z,40.0131830,-79.5889800,293.0,101
2018-07-21T15:15:10Z,40.0131500,-79.5889810,293.0,101
2018-07-21T15:15:12Z,40.0131180,-79.5889870,293.0,101
2018-07-21T15:15:15Z,40.0130900,-79.5889930,293.0,102
2018-07-21T15:15:18Z,40.0130550,-79.5889980,292.9,100
2018-07-21T15:15:21Z,40.0130240,-79.5890180,292.9,97
2018-07-21T15:15:24Z,40.0129860,-79.5890090,292.8,95
2018-07-21T15:15:26Z,40.0129570,-79.5890010,292.7,95
2018-07-21T15:15:29Z,40.0129290,-79.5889980,292.6,94
2018-07-21T15:15:32Z,40.0128940,-79.5890090,292.6,94
2018-07-21T15:15:34Z,40.0128590,-79.5890100,292.5,93
2018-07-21T15:15:37Z,40.0128290,-79.5889980,292.4,92
2018-07-21T15:15:40Z,40.0128010,-79.5889950,292.3,92
2018-07-21T15:15:42Z,40.0127730,-79.5889920,292.3,92
2018-07-21T15:15:44Z,40.0127340,-79.5889900,292.2,91
2018-07-21T15:15:46Z,40.0127070,-79.5889890,292.1,92
2018-07-21T15:15:49Z,40.0126670,-79.5889860,292.0,91
2018-07-21T15:15:51Z,40.0126290,-79.5889880,292.0,92
2018-07-21T15:15:53Z,40.0125970,-79.5889890,292.0,93
2018-07-21T15:15:57Z,40.0125630,-79.5889950,292.0,91
2018-07-21T15:15:59Z,40.0125350,-79.5890000,292.0,89
2018-07-21T15:16:02Z,40.0125040,-79.5890170,292.1,90
2018-07-21T15:16:04Z,40.0124740,-79.5890230,292.1,89
2018-07-21T15:16:07Z,40.0124450,-79.5890350,292.1,89
2018-07-21T15:16:09Z,40.0124190,-79.5890480,292.0,89
2018-07-21T15:16:11Z,40.0123750,-79.5890580,292.0,89
2018-07-21T15:16:13Z,40.0123390,-79.5890530,292.0,89
2018-07-21T15:16:15Z,40.0123080,-79.5890370,292.0,89
2018-07-21T15:16:19Z,40.0122690,-79.5890220,292.0,87
2018-07-21T15:16:21Z,40.0122330,-79.5890150,292.0,87
2018-07-21T15:16:23Z,40.0122020,-79.5890190,292.1,86
2018-07-21T15:16:26Z,40.0121630,-79.5890290,292.1,85
2018-07-21T15:16:28Z,40.0121200,-79.5890250,292.1,85
2018-07-21T15:16:30Z,40.0120820,-79.5890270,292.0,85
2018-07-21T15:16:32Z,40.0120450,-79.5890290,292.0,86
2018-07-21T15:16:35Z,40.0120190,-79.5890210,292.0,86
2018-07-21T15:16:38Z,40.0119880,-79.5890400,291.9,86
2018-07-21T15:16:40Z,40.0119670,-79.5890690,291.9,86
2018-07-21T15:16:43Z,40.0119370,-79.5890900,291.9,86
2018-07-21T15:16:45Z,40.0119070,-79.5890900,291.9,84
2018-07-21T15:16:49Z,40.0118720,-79.5890790,291.8,82
2018-07-21T15:16:53Z,40.0118550,-79.5890430,291.8,82
2018-07-21T15:16:57Z,40.0118340,-79.5890140,291.8,83
2018-07-21T15:17:01Z,40.0118060,-79.5890300,291.8,84
2018-07-21T15:17:03Z,40.0117920,-79.5890690,291.7,84
2018-07-21T15:17:06Z,40.0117890,-79.5891110,291.7,83
2018-07-21T15:17:11Z,40.0117610,-79.5891160,291.7,85
2018-07-21T15:17:17Z,40.0117930,-79.5891180,291.7,84
2018-07-21T15:17:20Z,40.0117690,-79.5891540,291.8,81
2018-07-21T15:17:26Z,40.0117560,-79.5891900,291.3,83
2018-07-21T15:17:39Z,40.0117770,-79.5891670,291.4,87
2018-07-21T15:17:41Z,40.0118050,-79.5891500,291.8,86
2018-07-21T15:17:44Z,40.0118260,-79.5891100,291.8,85
2018-07-21T15:17:48Z,40.0118370,-79.5890740,291.8,84
2018-07-21T15:17:54Z,40.0118430,-79.5890340,291.8,83
2018-07-21T15:17:59Z,40.0118370,-79.5889990,291.8,81
2018-07-21T15:18:04Z,40.0118290,-79.5889610,291.7,79
2018-07-21T15:18:15Z,40.0118290,-79.5889260,291.7,77
2018-07-21T15:18:28Z,40.0118250,-79.5888840,291.7,79
2018-07-21T15:18:39Z,40.0118040,-79.5889270,291.6,77
2018-07-21T15:18:42Z,40.0117710,-79.5889410,291.6,77
2018-07-21T15:18:44Z,40.0117440,-79.5889450,291.6,78
2018-07-21T15:18:46Z,40.0117090,-79.5889520,291.6,79
2018-07-21T15:18:48Z,40.0116830,-79.5889620,291.5,80
2018-07-21T15:18:52Z,40.0116550,-79.5889730,291.5,80
2018-07-21T15:18:56Z,40.0116260,-79.5889950,291.5,79
2018-07-21T15:18:59Z,40.0115820,-79.5889990,291.4,80
2018-07-21T15:19:01Z,40.0115440,-79.5890010,291.4,81
2018-07-21T15:19:04Z,40.0115110,-79.5889990,291.4,80
2018-07-21T15:19:08Z,40.0114790,-79.5889890,291.3,79
2018-07-21T15:19:10Z,40.0114520,-79.5889930,291.3,79
2018-07-21T15:19:12Z,40.0114150,-79.5890060,291.3,80
2018-07-21T15:19:14Z,40.0113890,-79.5890190,291.2,80
2018-07-21T15:19:17Z,40.0113570,-79.5890370,291.2,83
2018-07-21T15:19:20Z,40.0113170,-79.5890390,291.2,89
2018-07-21T15:19:23Z,40.0112820,-79.5890260,291.1,92
2018-07-21T15:19:26Z,40.0112380,-79.5890170,291.1,93
2018-07-21T15:19:28Z,40.0111960,-79.5890120,291.0,92
2018-07-21T15:19:30Z,40.0111680,-79.5890090,291.0,91
2018-07-21T15:19:34Z,40.0111380,-79.5890040,290.9,91
2018-07-21T15:19:36Z,40.0111060,-79.5890010,290.8,90
2018-07-21T15:19:38Z,40.0110750,-79.5890100,290.7,89
2018-07-21T15:19:40Z,40.0110460,-79.5890150,290.6,88
2018-07-21T15:19:42Z,40.0110130,-79.5890130,290.5,88
2018-07-21T15:19:44Z,40.0109800,-79.5890120,290.4,88
2018-07-21T15:19:48Z,40.0109450,-79.5890160,290.3,89
2018-07-21T15:19:50Z,40.0109080,-79.5890190,290.3,90
2018-07-21T15:19:52Z,40.0108660,-79.5890310,290.3,89
2018-07-21T15:19:54Z,40.0108360,-79.5890330,290.2,89
2018-07-21T15:19:59Z,40.0108050,-79.5890260,290.2,85
2018-07-21T15:20:02Z,40.0107680,-79.5890250,290.2,84
2018-07-21T15:20:04Z,40.0107370,-79.5890240,290.2,85
2018-07-21T15:20:06Z,40.0107080,-79.5890090,290.2,87
2018-07-21T15:20:09Z,40.0106650,-79.5889990,290.2,88
2018-07-21T15:20:11Z,40.0106250,-79.5889930,290.1,91
2018-07-21T15:20:13Z,40.0105950,-79.5889840,290.1,93
2018-07-21T15:20:15Z,40.0105650,-79.5889710,290.1,93
2018-07-21T15:20:18Z,40.0105290,-79.5889680,290.1,93
2018-07-21T15:20:20Z,40.0104930,-79.5889700,290.1,92
2018-07-21T15:20:22Z,40.0104640,-79.5889710,290.1,90
2018-07-21T15:20:24Z,40.0104370,-79.5889820,290.1,88
2018-07-21T15:20:27Z,40.0104030,-79.5889920,290.0,86
2018-07-21T15:20:30Z,40.0103770,-79.5890010,290.0,88
2018-07-21T15:20:33Z,40.0103390,-79.5890070,290.0,85
2018-07-21T15:20:35Z,40.0103100,-79.5890030,290.0,85
2018-07-21T15:20:37Z,40.0102780,-79.5889990,290.0,83
2018-07-21T15:20:40Z,40.0102440,-79.5889860,290.0,84
2018-07-21T15:20:42Z,40.0102110,-79.5889840,290.0,85
2018-07-21T15:20:44Z,40.0101750,-79.5889910,290.0,86
2018-07-21T15:20:47Z,40.0101410,-79.5890110,289.9,87
2018-07-21T15:20:49Z,40.0101050,-79.5890160,289.9,86
2018-07-21T15:20:52Z,40.0100740,-79.5890040,290.0,84
2018-07-21T15:20:54Z,40.0100340,-79.5890000,290.0,81
2018-07-21T15:20:59Z,40.0100080,-79.5889820,290.0,83
2018-07-21T15:21:02Z,40.0099660,-79.5889930,290.0,84
2018-07-21T15:21:04Z,40.0099200,-79.5889890,290.0,85
2018-07-21T15:21:06Z,40.0098790,-79.5889810,290.0,85
2018-07-21T15:21:08Z,40.0098460,-79.5889840,290.0,85
2018-07-21T15:21:10Z,40.0098140,-79.5889890,290.0,85
2018-07-21T15:21:13Z,40.0097810,-79.5889940,290.0,84
2018-07-21T15:21:16Z,40.0097460,-79.5890100,289.9,88
2018-07-21T15:21:19Z,40.0097100,-79.5889940,289.9,90
2018-07-21T15:21:22Z,40.0096750,-79.5889920,289.8,90
2018-07-21T15:21:24Z,40.0096390,-79.5889840,289.7,90
2018-07-21T15:21:26Z,40.0096020,-79.5889820,289.6,88
2018-07-21T15:21:28Z,40.0095560,-79.5889900,289.5,88
2018-07-21T15:21:31Z,40.0095260,-79.5889980,289.4,87
2018-07-21T15:21:34Z,40.0094970,-79.5890270,289.4,86
2018-07-21T15:21:36Z,40.0094550,-79.5890300,289.3,86
2018-07-21T15:21:38Z,40.0094250,-79.5890260,289.2,86
2018-07-21T15:21:42Z,40.0093930,-79.5890190,289.1,85
2018-07-21T15:21:45Z,40.0093490,-79.5890180,289.0,86
2018-07-21T15:21:47Z,40.0093090,-79.5890150,289.0,88
2018-07-21T15:21:50Z,40.0092730,-79.5889990,289.0,88
2018-07-21T15:21:53Z,40.0092360,-79.5889790,289.0,88
2018-07-21T15:21:55Z,40.0092040,-79.5889900,289.0,88
2018-07-21T15:21:59Z,40.0091720,-79.5890080,289.0,87
2018-07-21T15:22:02Z,40.0091370,-79.5890160,289.0,88
2018-07-21T15:22:04Z,40.0091020,-79.5890140,289.0,88
2018-07-21T15:22:07Z,40.0090650,-79.5890070,289.0,87
2018-07-21T15:22:09Z,40.0090240,-79.5890000,289.0,88
2018-07-21T15:22:11Z,40.0089840,-79.5889980,289.0,88
2018-07-21T15:22:13Z,40.0089410,-79.5889910,289.0,89
2018-07-21T15:22:16Z,40.0089110,-79.5889740,289.0,88
2018-07-21T15:22:19Z,40.0088730,-79.5889620,288.9,89
2018-07-21T15:22:22Z,40.0088430,-79.5889650,288.9,88
2018-07-21T15:22:25Z,40.0088050,-79.5889760,288.8,88
2018-07-21T15:22:27Z,40.0087720,-79.5889820,288.7,88
2018-07-21T15:22:29Z,40.0087420,-79.5889820,288.7,88
2018-07-21T15:22:31Z,40.0086980,-79.5889860,288.6,86
2018-07-21T15:22:33Z,40.0086540,-79.5889840,288.5,85
2018-07-21T15:22:35Z,40.0086220,-79.5889810,288.4,85
2018-07-21T15:22:39Z,40.0085860,-79.5889810,288.3,85
2018-07-21T15:22:42Z,40.0085440,-79.5889830,288.2,85
2018-07-21T15:22:45Z,40.0085100,-79.5889790,288.1,86
2018-07-21T15:22:49Z,40.0084690,-79.5889770,288.0,87
2018-07-21T15:22:51Z,40.0084300,-79.5889810,288.1,87
2018-07-21T15:22:55Z,40.0083960,-79.5889910,288.1,84
2018-07-21T15:22:58Z,40.0083690,-79.5889980,288.2,84
2018-07-21T15:23:00Z,40.0083380,-79.5890040,288.3,84
2018-07-21T15:23:03Z,40.0083010,-79.5890030,288.3,86
2018-07-21T15:23:05Z,40.0082650,-79.5890030,288.4,87
2018-07-21T15:23:07Z,40.0082320,-79.5890000,288.5,87
2018-07-21T15:23:09Z,40.0082030,-79.5889930,288.6,89
2018-07-21T15:23:12Z,40.0081630,-79.5889860,288.6,90
2018-07-21T15:23:14Z,40.0081260,-79.5889830,288.7,91
2018-07-21T15:23:16Z,40.0080900,-79.5889750,288.8,91
2018-07-21T15:23:18Z,40.0080520,-79.5889630,288.9,92
2018-07-21T15:23:20Z,40.0080170,-79.5889610,289.0,93
2018-07-21T15:23:23Z,40.0079850,-79.5889670,289.0,96
2018-07-21T15:23:25Z,40.0079580,-79.5889790,289.1,95
2018-07-21T15:23:28Z,40.0079210,-79.5889790,289.1,96
2018-07-21T15:23:30Z,40.0078940,-79.5889740,289.2,96
2018-07-21T15:23:33Z,40.0078570,-79.5889720,289.2,96
2018-07-21T15:23:35Z,40.0078270,-79.5889790,289.3,96
2018-07-21T15:23:38Z,40.0077910,-79.5889860,289.3,95
2018-07-21T15:23:40Z,40.0077600,-79.5889930,289.4,94
2018-07-21T15:23:43Z,40.0077270,-79.5889960,289.4,95
2018-07-21T15:23:45Z,40.0076990,-79.5890100,289.5,94
2018-07-21T15:23:48Z,40.0076640,-79.5890160,289.5,94
2018-07-21T15:23:51Z,40.0076360,-79.5890170,289.6,94
2018-07-21T15:23:53Z,40.0076080,-79.5890070,289.6,93
2018-07-21T15:23:56Z,40.0075740,-79.5889950,289.7,92
2018-07-21T15:23:58Z,40.0075350,-79.5889860,289.7,92
2018-07-21T15:24:00Z,40.0075030,-79.5889760,289.8,91
2018-07-21T15:24:03Z,40.0074720,-79.5889740,289.8,91
2018-07-21T15:24:06Z,40.0074390,-79.5889820,289.8,93
2018-07-21T15:24:08Z,40.0074090,-79.5889820,289.9,93
2018-07-21T15:24:11Z,40.0073810,-79.5890010,289.9,93
2018-07-21T15:24:14Z,40.0073400,-79.5890200,290.0,93
2018-07-21T15:24:17Z,40.0073070,-79.5890200,290.0,93
2018-07-21T15:24:20Z,40.0072790,-79.5890350,290.0,92
2018-07-21T15:24:23Z,40.0072430,-79.5890270,290.1,92
2018-07-21T15:24:26Z,40.0072080,-79.5890230,290.1,91
2018-07-21T15:24:30Z,40.0071840,-79.5889960,290.1,90
2018-07-21T15:24:41Z,40.0071720,-79.5889630,290.2,83
2018-07-21T15:24:55Z,40.0071360,-79.5889600,290.2,83
2018-07-21T15:25:01Z,40.0071150,-79.5889270,290.3,83
2018-07-21T15:25:17Z,40.0071340,-79.5889010,290.3,77
2018-07-21T15:25:32Z,40.0070970,-79.5889100,290.3,73
2018-07-21T15:25:35Z,40.0070650,-79.5889170,290.4,76
2018-07-21T15:25:37Z,40.0070370,-79.5889290,290.5,77
2018-07-21T15:25:39Z,40.0070040,-79.5889430,290.5,80
2018-07-21T15:25:41Z,40.0069540,-79.5889450,290.6,81
2018-07-21T15:25:43Z,40.0069050,-79.5889250,290.7,85
2018-07-21T15:25:45Z,40.0068740,-79.5889150,290.7,88
2018-07-21T15:25:48Z,40.0068320,-79.5889400,290.8,92
2018-07-21T15:25:49Z,40.0068050,-79.5889510,290.8,94
2018-07-21T15:25:50Z,40.0067770,-79.5889570,290.8,95
2018-07-21T15:25:52Z,40.0067360,-79.5889620,290.9,96
2018-07-21T15:25:54Z,40.0066990,-79.5889640,290.9,98
2018-07-21T15:25:56Z,40.0066570,-79.5889650,291.0,99
2018-07-21T15:25:58Z,40.0066110,-79.5889640,290.6,100
2018-07-21T15:26:00Z,40.0065730,-79.5889760,290.2,100
2018-07-21T15:26:02Z,40.0065460,-79.5889910,290.0,101
2018-07-21T15:26:04Z,40.0065130,-79.5890010,289.7,100
2018-07-21T15:26:06Z,40.0064760,-79.5890010,289.4,101
2018-07-21T15:26:08Z,40.0064420,-79.5889980,289.2,102
2018-07-21T15:26:10Z,40.0064100,-79.5890000,289.0,101
2018-07-21T15:26:12Z,40.0063690,-79.5890030,288.7,100
2018-07-21T15:26:14Z,40.0063180,-79.5889900,288.6,100
2018-07-21T15:26:16Z,40.0062780,-79.5889720,288.5,100
2018-07-21T15:26:18Z,40.0062300,-79.5889590,288.4,99
2018-07-21T15:26:20Z,40.0061920,-79.5889490,288.3,99
2018-07-21T15:26:22Z,40.0061590,-79.5889470,288.3,99
2018-07-21T15:26:24Z,40.0061260,-79.5889430,288.2,99
2018-07-21T15:26:26Z,40.0060940,-79.5889390,288.1,99
2018-07-21T15:26:28Z,40.0060550,-79.5889320,288.1,99
2018-07-21T15:26:30Z,40.0060210,-79.5889260,288.0,98
2018-07-21T15:26:32Z,40.0059920,-79.5889260,288.0,98
2018-07-21T15:26:34Z,40.0059620,-79.5889280,288.0,97
2018-07-21T15:26:36Z,40.0059330,-79.5889280,287.9,97
2018-07-21T15:26:38Z,40.0059030,-79.5889250,287.9,97
2018-07-21T15:26:41Z,40.0058710,-79.5889260,287.9,95
2018-07-21T15:26:43Z,40.0058440,-79.5889320,287.8,93
2018-07-21T15:26:45Z,40.0058160,-79.5889300,287.8,93
2018-07-21T15:26:47Z,40.0057830,-79.5889260,287.8,92
2018-07-21T15:26:49Z,40.0057520,-79.5889230,287.7,91
2018-07-21T15:26:51Z,40.0057200,-79.5889260,287.7,92
2018-07-21T15:26:53Z,40.0056910,-79.5889300,287.7,92
2018-07-21T15:26:55Z,40.0056620,-79.5889350,287.7,92
2018-07-21T15:26:57Z,40.0056300,-79.5889370,287.7,92
2018-07-21T15:26:59Z,40.0055900,-79.5889310,287.7,91
2018-07-21T15:27:01Z,40.0055540,-79.5889280,287.7,91
2018-07-21T15:27:03Z,40.0055260,-79.5889260,287.7,90
2018-07-21T15:27:06Z,40.0054970,-79.5889170,287.8,90
2018-07-21T15:27:08Z,40.0054670,-79.5889110,287.8,90
2018-07-21T15:27:10Z,40.0054350,-79.5889030,287.8,90
2018-07-21T15:27:12Z,40.0054020,-79.5888870,287.8,89
2018-07-21T15:27:14Z,40.0053710,-79.5888710,287.8,89
2018-07-21T15:27:16Z,40.0053430,-79.5888660,287.9,89
2018-07-21T15:27:19Z,40.0053020,-79.5888590,287.9,90
2018-07-21T15:27:22Z,40.0052740,-79.5888620,287.9,91
2018-07-21T15:27:25Z,40.0052380,-79.5888620,287.9,93
2018-07-21T15:27:27Z,40.0052090,-79.5888620,287.9,94
2018-07-21T15:27:30Z,40.0051720,-79.5888670,287.9,95
2018-07-21T15:27:32Z,40.0051430,-79.5888740,287.9,95
2018-07-21T15:27:35Z,40.0051030,-79.5888800,287.9,97
2018-07-21T15:27:37Z,40.0050690,-79.5888820,287.9,96
2018-07-21T15:27:39Z,40.0050390,-79.5888820,287.9,96
2018-07-21T15:27:42Z,40.0050010,-79.5888840,288.0,96
2018-07-21T15:27:45Z,40.0049660,-79.5888790,288.0,98
2018-07-21T15:27:48Z,40.0049300,-79.5888710,288.0,98
2018-07-21T15:27:50Z,40.0049130,-79.5888380,288.0,97
2018-07-21T15:27:51Z,40.0049060,-79.5888030,288.0,97
2018-07-21T15:27:53Z,40.0048930,-79.5887480,288.0,99
2018-07-21T15:27:55Z,40.0048680,-79.5887020,288.0,101
2018-07-21T15:27:57Z,40.0048540,-79.5886410,288.0,101
2018-07-21T15:27:59Z,40.0048550,-79.5885890,288.0,104
2018-07-21T15:28:01Z,40.0048590,-79.5885530,288.0,104
2018-07-21T15:28:03Z,40.0048630,-79.5885160,288.0,105
2018-07-21T15:28:06Z,40.0048650,-79.5884690,288.0,104
2018-07-21T15:28:09Z,40.0048720,-79.5884240,288.0,102
2018-07-21T15:28:11Z,40.0048670,-79.5883880,288.0,101
2018-07-21T15:28:14Z,40.0048700,-79.5883390,288.0,101
2018-07-21T15:28:17Z,40.0048720,-79.5882930,288.0,100
2018-07-21T15:28:19Z,40.0048720,-79.5882570,288.0,100
2018-07-21T15:28:21Z,40.0048710,-79.5882180,288.0,100
2018-07-21T15:28:23Z,40.0048690,-79.5881760,288.0,100
2018-07-21T15:28:25Z,40.0048660,-79.5881380,288.0,100
2018-07-21T15:28:27Z,40.0048610,-79.5880970,288.0,97
2018-07-21T15:28:29Z,40.0048520,-79.5880610,288.0,99
2018-07-21T15:28:31Z,40.0048450,-79.5880240,288.0,99
2018-07-21T15:28:33Z,40.0048340,-79.5879810,288.0,99
2018-07-21T15:28:36Z,40.0048260,-79.5879340,288.0,99
2018-07-21T15:28:40Z,40.0048220,-79.5878980,288.0,98
2018-07-21T15:28:43Z,40.0048190,-79.5878440,288.0,98
2018-07-21T15:28:45Z,40.0048140,-79.5878000,288.1,98
2018-07-21T15:28:47Z,40.0047920,-79.5877720,288.1,98
2018-07-21T15:28:49Z,40.0047590,-79.5877640,288.2,99
2018-07-21T15:28:51Z,40.0047200,-79.5877680,288.3,100
2018-07-21T15:28:53Z,40.0046810,-79.5877790,288.3,101
2018-07-21T15:28:55Z,40.0046380,-79.5877970,288.4,101
2018-07-21T15:28:57Z,40.0046110,-79.5878110,288.4,103
2018-07-21T15:29:00Z,40.0045810,-79.5878070,288.5,103
2018-07-21T15:29:03Z,40.0045530,-79.5877960,288.5,103
2018-07-21T15:29:05Z,40.0045260,-79.5877940,288.6,102
2018-07-21T15:29:07Z,40.0044900,-79.5878020,288.6,102
2018-07-21T15:29:09Z,40.0044560,-79.5878090,288.7,102
2018-07-21T15:29:12Z,40.0044260,-79.5878100,288.7,101
2018-07-21T15:29:14Z,40.0043960,-79.5878120,288.8,101
2018-07-21T15:29:16Z,40.0043580,-79.5878140,288.8,100
2018-07-21T15:29:18Z,40.0043150,-79.5878140,288.9,99
2018-07-21T15:29:20Z,40.0042780,-79.5878090,288.9,99
2018-07-21T15:29:23Z,40.0042430,-79.5878050,289.0,99
2018-07-21T15:29:27Z,40.0042090,-79.5878060,289.0,99
2018-07-21T15:29:29Z,40.0041740,-79.5878130,289.1,99
2018-07-21T15:29:32Z,40.0041310,-79.5878120,289.2,99
2018-07-21T15:29:34Z,40.0040930,-79.5878110,289.2,99
2018-07-21T15:29:36Z,40.0040530,-79.5878080,289.3,100
2018-07-21T15:29:39Z,40.0040220,-79.5878000,289.3,101
2018-07-21T15:29:42Z,40.0039830,-79.5878040,289.4,99
2018-07-21T15:29:45Z,40.0039440,-79.5878000,289.5,98
2018-07-21T15:29:47Z,40.0039090,-79.5877980,289.5,98
2018-07-21T15:29:50Z,40.0038760,-79.5878050,289.6,99
2018-07-21T15:29:54Z,40.0038410,-79.5878180,289.7,100
2018-07-21T15:29:56Z,40.0038120,-79.5878270,289.7,102
2018-07-21T15:29:58Z,40.0037810,-79.5878380,289.8,103
2018-07-21T15:30:00Z,40.0037530,-79.5878290,289.9,104
2018-07-21T15:30:02Z,40.0037240,-79.5878210,290.0,107
2018-07-21T15:30:04Z,40.0036940,-79.5878230,290.0,109
2018-07-21T15:30:07Z,40.0036560,-79.5878160,290.1,112
2018-07-21T15:30:09Z,40.0036230,-79.5878190,290.2,112
2018-07-21T15:30:11Z,40.0035870,-79.5878160,290.3,112
2018-07-21T15:30:13Z,40.0035470,-79.5878100,290.4,112
2018-07-21T15:30:15Z,40.0035150,-79.5878020,290.6,111
2018-07-21T15:30:18Z,40.0034800,-79.5877920,290.7,109
2018-07-21T15:30:20Z,40.0034470,-79.5877850,290.9,109
2018-07-21T15:30:22Z,40.0034090,-79.5877810,291.0,109
2018-07-21T15:30:24Z,40.0033750,-79.5877790,291.2,109
2018-07-21T15:30:27Z,40.0033390,-79.5877700,291.5,108
2018-07-21T15:30:29Z,40.0033030,-79.5877700,291.9,106
2018-07-21T15:30:31Z,40.0032710,-79.5877660,292.4,107
2018-07-21T15:30:33Z,40.0032370,-79.5877580,293.0,107
2018-07-21T15:30:37Z,40.0031980,-79.5877550,293.6,108
2018-07-21T15:30:39Z,40.0031680,-79.5877630,294.1,108
2018-07-21T15:30:41Z,40.0031350,-79.5877650,294.4,108
2018-07-21T15:30:43Z,40.0031000,-79.5877630,294.8,108
2018-07-21T15:30:46Z,40.0030670,-79.5877510,295.1,107
2018-07-21T15:30:48Z,40.0030390,-79.5877470,295.1,107
2018-07-21T15:30:50Z,40.0030120,-79.5877560,295.2,107
2018-07-21T15:30:53Z,40.0029710,-79.5877720,295.4,108
2018-07-21T15:30:55Z,40.0029370,-79.5877790,295.5,108
2018-07-21T15:30:57Z,40.0028970,-79.5877870,295.6,107
2018-07-21T15:30:59Z,40.0028570,-79.5877900,295.7,109
2018-07-21T15:31:01Z,40.0028150,-79.5877960,295.8,111
2018-07-21T15:31:03Z,40.0027740,-79.5878000,296.0,113
2018-07-21T15:31:05Z,40.0027420,-79.5877970,296.1,114
2018-07-21T15:31:08Z,40.0027140,-79.5877890,296.1,114
2018-07-21T15:31:11Z,40.0026860,-79.5877850,296.2,112
2018-07-21T15:31:13Z,40.0026580,-79.5877870,296.3,111
2018-07-21T15:31:15Z,40.0026170,-79.5877760,296.4,108
2018-07-21T15:31:17Z,40.0025890,-79.5877630,296.5,107
2018-07-21T15:31:19Z,40.0025570,-79.5877540,296.6,105
2018-07-21T15:31:21Z,40.0025180,-79.5877450,296.7,105
2018-07-21T15:31:23Z,40.0024810,-79.5877380,296.8,105
2018-07-21T15:31:25Z,40.0024550,-79.5877250,296.9,105
2018-07-21T15:31:29Z,40.0024240,-79.5877020,297.0,101
2018-07-21T15:31:31Z,40.0023990,-79.5876720,297.2,100
2018-07-21T15:31:33Z,40.0023800,-79.5876410,297.3,100
2018-07-21T15:31:36Z,40.0023650,-79.5875890,297.5,101
2018-07-21T15:31:38Z,40.0023520,-79.5875400,297.7,102
2018-07-21T15:31:40Z,40.0023340,-79.5874930,297.8,102
2018-07-21T15:31:43Z,40.0023160,-79.5874540,298.0,102
2018-07-21T15:31:46Z,40.0023030,-79.5874100,298.2,102
2018-07-21T15:31:48Z,40.0022990,-79.5873660,298.3,102
2018-07-21T15:31:50Z,40.0022890,-79.5873190,298.5,102
2018-07-21T15:31:52Z,40.0022780,-79.5872750,298.6,104
2018-07-21T15:31:54Z,40.0022710,-79.5872150,298.8,106
2018-07-21T15:31:56Z,40.0022670,-79.5871560,299.0,108
2018-07-21T15:31:58Z,40.0022630,-79.5870910,299.0,110
2018-07-21T15:32:00Z,40.0022580,-79.5870390,299.0,112
2018-07-21T15:32:03Z,40.0022350,-79.5870160,299.0,113
2018-07-21T15:32:06Z,40.0022070,-79.5870290,299.0,112
2018-07-21T15:32:09Z,40.0021800,-79.5870420,299.0,110
2018-07-21T15:32:11Z,40.0021530,-79.5870470,299.0,109
2018-07-21T15:32:13Z,40.0021260,-79.5870610,299.0,109
2018-07-21T15:32:15Z,40.0020930,-79.5870650,299.0,109
2018-07-21T15:32:17Z,40.0020520,-79.5870460,299.0,109
2018-07-21T15:32:20Z,40.0020200,-79.5870430,299.0,107
2018-07-21T15:32:23Z,40.0019910,-79.5870480,299.0,106
2018-07-21T15:32:26Z,40.0019530,-79.5870530,299.0,106
2018-07-21T15:32:28Z,40.0019250,-79.5870490,299.0,106
2018-07-21T15:32:30Z,40.0018970,-79.5870460,299.0,105
2018-07-21T15:32:33Z,40.0018580,-79.5870390,298.9,104
2018-07-21T15:32:35Z,40.0018300,-79.5870300,298.8,103
2018-07-21T15:32:37Z,40.0018010,-79.5870260,298.8,102
2018-07-21T15:32:39Z,40.0017670,-79.5870210,298.5,102
2018-07-21T15:32:41Z,40.0017360,-79.5870110,298.5,102
2018-07-21T15:32:44Z,40.0017030,-79.5870140,298.5,102
2018-07-21T15:32:47Z,40.0016640,-79.5870080,298.4,100
2018-07-21T15:32:49Z,40.0016360,-79.5869980,298.3,100
2018-07-21T15:32:53Z,40.0016040,-79.5870020,298.2,99
2018-07-21T15:32:57Z,40.0015750,-79.5870270,298.2,100
2018-07-21T15:32:59Z,40.0015520,-79.5870480,298.1,100
2018-07-21T15:33:01Z,40.0015280,-79.5870760,298.0,101
2018-07-21T15:33:03Z,40.0015060,-79.5871010,297.9,100
2018-07-21T15:33:05Z,40.0014770,-79.5871140,298.0,100
2018-07-21T15:33:07Z,40.0014480,-79.5871290,298.0,101
2018-07-21T15:33:10Z,40.0014130,-79.5871510,298.1,101
2018-07-21T15:33:12Z,40.0013790,-79.5871650,298.2,101
2018-07-21T15:33:14Z,40.0013480,-79.5871780,298.2,100
2018-07-21T15:33:16Z,40.0013080,-79.5871860,298.3,98
2018-07-21T15:33:18Z,40.0012600,-79.5871900,298.4,100
2018-07-21T15:33:20Z,40.0012230,-79.5871960,298.5,99
2018-07-21T15:33:24Z,40.0011910,-79.5871940,298.5,100
2018-07-21T15:33:27Z,40.0011550,-79.5871970,298.6,100
2018-07-21T15:33:29Z,40.0011270,-79.5872100,298.7,100
2018-07-21T15:33:31Z,40.0010960,-79.5872190,298.7,100
2018-07-21T15:33:34Z,40.0010580,-79.5872220,298.8,99
2018-07-21T15:33:37Z,40.0010200,-79.5872450,298.9,98
2018-07-21T15:33:39Z,40.0009870,-79.5872530,298.9,98
2018-07-21T15:33:42Z,40.0009530,-79.5872550,299.0,99
2018-07-21T15:33:46Z,40.0009180,-79.5872590,299.1,98
2018-07-21T15:33:50Z,40.0008790,-79.5872810,299.2,99
2018-07-21T15:33:52Z,40.0008440,-79.5872960,299.2,99
2018-07-21T15:33:54Z,40.0008000,-79.5873040,299.3,99
2018-07-21T15:33:56Z,40.0007680,-79.5873050,299.4,98
2018-07-21T15:33:58Z,40.0007260,-79.5873120,299.4,98
2018-07-21T15:34:00Z,40.0006790,-79.5873200,299.5,98
2018-07-21T15:34:02Z,40.0006380,-79.5873260,299.6,98
2018-07-21T15:34:05Z,40.0006010,-79.5873260,299.6,99
2018-07-21T15:34:09Z,40.0005610,-79.5873260,299.7,101
2018-07-21T15:34:11Z,40.0005340,-79.5873360,299.7,101
2018-07-21T15:34:14Z,40.0004930,-79.5873480,299.8,100
2018-07-21T15:34:16Z,40.0004540,-79.5873500,299.8,100
2018-07-21T15:34:18Z,40.0004120,-79.5873500,299.9,100
2018-07-21T15:34:20Z,40.0003790,-79.5873470,299.9,100
2018-07-21T15:34:23Z,40.0003500,-79.5873370,299.9,100
2018-07-21T15:34:26Z,40.0003140,-79.5873240,300.0,100
2018-07-21T15:34:28Z,40.0002850,-79.5873200,300.0,100
2018-07-21T15:34:30Z,40.0002500,-79.5873230,300.1,99
2018-07-21T15:34:33Z,40.0002070,-79.5873200,300.2,99
2018-07-21T15:34:35Z,40.0001670,-79.5873150,300.2,99
2018-07-21T15:34:37Z,40.0001360,-79.5873110,300.3,100
2018-07-21T15:34:40Z,40.0001090,-79.5873050,300.4,100
2018-07-21T15:34:43Z,40.0000770,-79.5873010,300.5,100
2018-07-21T15:34:46Z,40.0000320,-79.5873070,300.6,100
2018-07-21T15:34:48Z,40.0000020,-79.5873090,300.7,100
2018-07-21T15:34:50Z,39.9999710,-79.5873100,300.8,100
2018-07-21T15:34:52Z,39.9999320,-79.5873080,300.9,100
2018-07-21T15:34:54Z,39.9998890,-79.5873020,301.0,99
2018-07-21T15:34:56Z,39.9998600,-79.5872970,301.0,99
2018-07-21T15:34:59Z,39.9998280,-79.5872900,301.0,99
2018-07-21T15:35:02Z,39.9997980,-79.5872880,301.1,99
2018-07-21T15:35:05Z,39.9997610,-79.5872880,301.2,102
2018-07-21T15:35:07Z,39.9997290,-79.5872820,301.3,102
2018-07-21T15:35:09Z,39.9996960,-79.5872720,301.4,100
2018-07-21T15:35:11Z,39.9996580,-79.5872580,301.6,101
2018-07-21T15:35:13Z,39.9996100,-79.5872450,301.7,101
2018-07-21T15:35:15Z,39.9995710,-79.5872300,301.9,103
2018-07-21T15:35:17Z,39.9995270,-79.5872070,302.1,107
2018-07-21T15:35:19Z,39.9994780,-79.5871820,302.3,110
2018-07-21T15:35:20Z,39.9994510,-79.5871710,302.3,111
2018-07-21T15:35:22Z,39.9994050,-79.5871500,302.5,113
2018-07-21T15:35:24Z,39.9993620,-79.5871250,302.6,115
2018-07-21T15:35:26Z,39.9993270,-79.5870990,302.8,117
2018-07-21T15:35:28Z,39.9992900,-79.5870660,302.9,119
2018-07-21T15:35:30Z,39.9992570,-79.5870200,303.2,120
2018-07-21T15:35:32Z,39.9992380,-79.5869640,303.3,120
2018-07-21T15:35:33Z,39.9992300,-79.5869280,303.3,121
2018-07-21T15:35:34Z,39.9992260,-79.5868910,303.5,121
2018-07-21T15:35:36Z,39.9992270,-79.5868250,303.8,122
2018-07-21T15:35:38Z,39.9992340,-79.5867730,304.1,122
2018-07-21T15:35:40Z,39.9992470,-79.5867360,304.0,123
2018-07-21T15:35:42Z,39.9992720,-79.5867090,303.7,122
2018-07-21T15:35:45Z,39.9993060,-79.5866950,303.5,120
2018-07-21T15:35:47Z,39.9993360,-79.5866880,303.4,120
2018-07-21T15:35:49Z,39.9993680,-79.5866750,303.4,120
2018-07-21T15:35:51Z,39.9993980,-79.5866610,303.3,120
2018-07-21T15:35:53Z,39.9994310,-79.5866410,303.2,119
2018-07-21T15:35:55Z,39.9994770,-79.5866200,303.0,119
2018-07-21T15:35:57Z,39.9995250,-79.5866110,302.9,119
2018-07-21T15:35:59Z,39.9995760,-79.5866000,302.7,120
2018-07-21T15:36:01Z,39.9996260,-79.5865860,302.5,121
2018-07-21T15:36:03Z,39.9996600,-79.5865690,302.4,121
2018-07-21T15:36:05Z,39.9996860,-79.5865520,302.4,122
2018-07-21T15:36:07Z,39.9997200,-79.5865410,302.4,121
2018-07-21T15:36:09Z,39.9997530,-79.5865330,302.3,120
2018-07-21T15:36:11Z,39.9997810,-79.5865240,302.1,119
2018-07-21T15:36:13Z,39.9998080,-79.5865170,302.0,117
2018-07-21T15:36:15Z,39.9998380,-79.5865110,301.8,115
2018-07-21T15:36:18Z,39.9998740,-79.5865050,301.7,113
2018-07-21T15:36:20Z,39.9999020,-79.5865020,301.7,112
2018-07-21T15:36:22Z,39.9999300,-79.5864950,301.6,111
2018-07-21T15:36:25Z,39.9999700,-79.5864860,301.5,110
2018-07-21T15:36:27Z,39.9999980,-79.5864800,301.5,109
2018-07-21T15:36:30Z,40.0000370,-79.5864660,301.4,108
2018-07-21T15:36:32Z,40.0000690,-79.5864560,301.3,107
2018-07-21T15:36:35Z,40.0001090,-79.5864400,301.2,108
2018-07-21T15:36:37Z,40.0001450,-79.5864280,301.1,108
2018-07-21T15:36:39Z,40.0001970,-79.5864150,301.0,110
2018-07-21T15:36:40Z,40.0002250,-79.5864110,301.0,110
2018-07-21T15:36:41Z,40.0002550,-79.5864050,301.0,111
2018-07-21T15:36:43Z,40.0003070,-79.5863960,301.1,113
2018-07-21T15:36:45Z,40.0003520,-79.5863880,301.2,114
2018-07-21T15:36:47Z,40.0003860,-79.5863810,301.1,116
2018-07-21T15:36:49Z,40.0004160,-79.5863740,301.1,117
2018-07-21T15:36:52Z,40.0004540,-79.5863640,301.0,116
2018-07-21T15:36:54Z,40.0004870,-79.5863540,300.9,115
2018-07-21T15:36:56Z,40.0005250,-79.5863460,300.7,115
2018-07-21T15:36:58Z,40.0005530,-79.5863380,300.7,114
2018-07-21T15:37:00Z,40.0005810,-79.5863330,300.6,113
2018-07-21T15:37:03Z,40.0006160,-79.5863290,300.6,110
2018-07-21T15:37:06Z,40.0006460,-79.5863300,300.5,109
2018-07-21T15:37:10Z,40.0006780,-79.5863270,300.5,107
2018-07-21T15:37:13Z,40.0007120,-79.5863170,300.5,106
2018-07-21T15:37:15Z,40.0007430,-79.5863130,300.4,106
2018-07-21T15:37:17Z,40.0007750,-79.5863080,300.3,106
2018-07-21T15:37:19Z,40.0008050,-79.5862950,300.3,105
2018-07-21T15:37:21Z,40.0008430,-79.5862810,300.3,104
2018-07-21T15:37:23Z,40.0008910,-79.5862670,300.3,106
2018-07-21T15:37:25Z,40.0009390,-79.5862490,300.3,107
2018-07-21T15:37:27Z,40.0009810,-79.5862320,300.3,109
2018-07-21T15:37:29Z,40.0010220,-79.5862270,300.3,111
2018-07-21T15:37:31Z,40.0010730,-79.5862180,300.3,114
2018-07-21T15:37:33Z,40.0011250,-79.5862010,300.4,116
2018-07-21T15:37:35Z,40.0011710,-79.5861800,300.6,117
2018-07-21T15:37:37Z,40.0012140,-79.5861640,300.5,117
2018-07-21T15:37:39Z,40.0012480,-79.5861550,300.4,116
2018-07-21T15:37:41Z,40.0012910,-79.5861470,300.3,116
2018-07-21T15:37:43Z,40.0013300,-79.5861350,300.3,117
2018-07-21T15:37:45Z,40.0013710,-79.5861180,300.4,117
2018-07-21T15:37:47Z,40.0014140,-79.5861030,300.5,119
2018-07-21T15:37:49Z,40.0014640,-79.5860930,300.5,120
2018-07-21T15:37:52Z,40.0014920,-79.5860890,300.5,121
2018-07-21T15:37:55Z,40.0015250,-79.5860860,300.5,119
2018-07-21T15:37:57Z,40.0015590,-79.5860850,300.4,117
2018-07-21T15:37:59Z,40.0015900,-79.5860790,300.4,116
2018-07-21T15:38:01Z,40.0016210,-79.5860690,300.3,114
2018-07-21T15:38:03Z,40.0016530,-79.5860610,300.4,113
2018-07-21T15:38:05Z,40.0016890,-79.5860460,300.4,113
2018-07-21T15:38:07Z,40.0017320,-79.5860260,300.4,113
2018-07-21T15:38:08Z,40.0017580,-79.5860140,300.4,113
2018-07-21T15:38:09Z,40.0017850,-79.5860070,300.4,114
2018-07-21T15:38:10Z,40.0018130,-79.5860130,300.3,115
2018-07-21T15:38:11Z,40.0018380,-79.5860300,300.2,115
2018-07-21T15:38:13Z,40.0018630,-79.5860870,300.0,117
2018-07-21T15:38:15Z,40.0018670,-79.5861460,299.9,118
2018-07-21T15:38:17Z,40.0018630,-79.5862060,299.7,117
2018-07-21T15:38:19Z,40.0018580,-79.5862550,299.6,116
2018-07-21T15:38:21Z,40.0018550,-79.5862930,299.6,116
2018-07-21T15:38:24Z,40.0018530,-79.5863370,299.5,116
2018-07-21T15:38:27Z,40.0018510,-79.5863870,299.4,114
2018-07-21T15:38:30Z,40.0018520,-79.5864310,299.3,112
2018-07-21T15:38:32Z,40.0018430,-79.5864880,299.2,111
2018-07-21T15:38:33Z,40.0018400,-79.5865230,299.2,112
2018-07-21T15:38:34Z,40.0018390,-79.5865600,299.0,110
2018-07-21T15:38:36Z,40.0018370,-79.5866310,298.8,112
2018-07-21T15:38:37Z,40.0018380,-79.5866670,298.7,114
2018-07-21T15:38:39Z,40.0018470,-79.5867300,298.6,117
2018-07-21T15:38:41Z,40.0018590,-79.5867840,298.5,119
2018-07-21T15:38:43Z,40.0018740,-79.5868490,298.3,121
2018-07-21T15:38:45Z,40.0018570,-79.5869050,298.3,123
2018-07-21T15:38:46Z,40.0018300,-79.5869200,298.4,124
2018-07-21T15:38:48Z,40.0017890,-79.5869310,298.4,124
2018-07-21T15:38:50Z,40.0017550,-79.5869450,298.5,123
2018-07-21T15:38:52Z,40.0017220,-79.5869590,298.5,122
2018-07-21T15:38:54Z,40.0016860,-79.5869710,298.4,120
2018-07-21T15:38:56Z,40.0016510,-79.5869840,298.3,118
2018-07-21T15:38:58Z,40.0016160,-79.5869980,298.2,117
2018-07-21T15:39:00Z,40.0015800,-79.5870120,298.2,117
2018-07-21T15:39:02Z,40.0015430,-79.5870300,298.1,114
2018-07-21T15:39:04Z,40.0015140,-79.5870480,298.0,113
2018-07-21T15:39:06Z,40.0014880,-79.5870730,297.9,112
2018-07-21T15:39:08Z,40.0014670,-79.5870980,298.0,112
2018-07-21T15:39:11Z,40.0014360,-79.5871220,298.1,112
2018-07-21T15:39:14Z,40.0014010,-79.5871300,298.1,110
2018-07-21T15:39:18Z,40.0013710,-79.5871380,298.2,109
2018-07-21T15:39:21Z,40.0013420,-79.5871460,298.2,107
2018-07-21T15:39:23Z,40.0013070,-79.5871520,298.3,107
2018-07-21T15:39:26Z,40.0012720,-79.5871600,298.4,108
2018-07-21T15:39:29Z,40.0012420,-79.5871720,298.4,109
2018-07-21T15:39:31Z,40.0012160,-79.5871870,298.5,108
2018-07-21T15:39:33Z,40.0011850,-79.5872040,298.5,107
2018-07-21T15:39:35Z,40.0011550,-79.5872240,298.6,107
2018-07-21T15:39:37Z,40.0011230,-79.5872370,298.7,107
2018-07-21T15:39:39Z,40.0010930,-79.5872450,298.7,106
2018-07-21T15:39:41Z,40.0010600,-79.5872510,298.8,105
2018-07-21T15:39:43Z,40.0010200,-79.5872570,298.9,105
2018-07-21T15:39:45Z,40.0009790,-79.5872620,298.9,106
2018-07-21T15:39:47Z,40.0009350,-79.5872670,299.0,106
2018-07-21T15:39:49Z,40.0008900,-79.5872730,299.1,106
2018-07-21T15:39:51Z,40.0008460,-79.5872790,299.2,107
2018-07-21T15:39:53Z,40.0008050,-79.5872850,299.3,107
2018-07-21T15:39:55Z,40.0007680,-79.5872890,299.4,107
2018-07-21T15:39:57Z,40.0007250,-79.5872960,299.4,107
2018-07-21T15:39:59Z,40.0006800,-79.5873070,299.5,109
2018-07-21T15:40:01Z,40.0006330,-79.5873210,299.6,111
2018-07-21T15:40:03Z,40.0005880,-79.5873350,299.6,113
2018-07-21T15:40:05Z,40.0005500,-79.5873420,299.7,115
2018-07-21T15:40:07Z,40.0005170,-79.5873500,299.7,117
2018-07-21T15:40:09Z,40.0004740,-79.5873600,299.8,120
2018-07-21T15:40:11Z,40.0004250,-79.5873630,299.8,122
2018-07-21T15:40:13Z,40.0003680,-79.5873600,299.9,123
2018-07-21T15:40:14Z,40.0003330,-79.5873580,300.0,125
2018-07-21T15:40:15Z,40.0002970,-79.5873570,300.0,125
2018-07-21T15:40:16Z,40.0002660,-79.5873550,300.1,126
2018-07-21T15:40:18Z,40.0002170,-79.5873490,300.1,128
2018-07-21T15:40:20Z,40.0001630,-79.5873430,300.3,130
2018-07-21T15:40:22Z,40.0001220,-79.5873380,300.4,132
2018-07-21T15:40:25Z,40.0000920,-79.5873370,300.4,133
2018-07-21T15:40:27Z,40.0000630,-79.5873300,300.5,132
2018-07-21T15:40:30Z,40.0000210,-79.5873220,300.6,130
2018-07-21T15:40:32Z,39.9999880,-79.5873150,300.7,129
2018-07-21T15:40:35Z,39.9999570,-79.5873080,300.8,126
2018-07-21T15:40:39Z,39.9999260,-79.5872980,300.9,123
2018-07-21T15:40:42Z,39.9998960,-79.5872910,301.0,122
2018-07-21T15:40:44Z,39.9998600,-79.5872880,301.0,121
2018-07-21T15:40:47Z,39.9998250,-79.5872820,301.0,121
2018-07-21T15:40:50Z,39.9997820,-79.5872830,301.2,121
2018-07-21T15:40:52Z,39.9997380,-79.5872860,301.3,122
2018-07-21T15:40:54Z,39.9997060,-79.5872840,301.4,122
2018-07-21T15:40:56Z,39.9996750,-79.5872720,301.5,122
2018-07-21T15:40:58Z,39.9996370,-79.5872580,301.6,121
2018-07-21T15:41:00Z,39.9996000,-79.5872440,301.8,121
2018-07-21T15:41:02Z,39.9995730,-79.5872340,301.9,120
2018-07-21T15:41:06Z,39.9995420,-79.5872200,302.0,120
2018-07-21T15:41:08Z,39.9995130,-79.5872110,302.1,120
2018-07-21T15:41:10Z,39.9994720,-79.5872060,302.3,120
2018-07-21T15:41:12Z,39.9994360,-79.5871970,302.4,120
2018-07-21T15:41:15Z,39.9994040,-79.5871780,302.4,118
2018-07-21T15:41:17Z,39.9993790,-79.5871530,302.5,118
2018-07-21T15:41:19Z,39.9993450,-79.5871190,302.7,117
2018-07-21T15:41:21Z,39.9993190,-79.5870910,302.8,118
2018-07-21T15:41:23Z,39.9992920,-79.5870500,303.0,118
2018-07-21T15:41:25Z,39.9992750,-79.5870060,303.1,119
2018-07-21T15:41:27Z,39.9992580,-79.5869630,303.3,120
2018-07-21T15:41:30Z,39.9992520,-79.5869200,303.3,120
2018-07-21T15:41:32Z,39.9992440,-79.5868740,303.5,120
2018-07-21T15:41:34Z,39.9992330,-79.5868390,303.7,119
2018-07-21T15:41:38Z,39.9992240,-79.5868040,303.9,119
2018-07-21T15:41:40Z,39.9992390,-79.5867720,304.0,118
2018-07-21T15:41:42Z,39.9992660,-79.5867430,304.0,117
2018-07-21T15:41:44Z,39.9992990,-79.5867140,303.7,116
2018-07-21T15:41:46Z,39.9993410,-79.5866950,303.5,115
2018-07-21T15:41:48Z,39.9993820,-79.5866770,303.4,115
2018-07-21T15:41:50Z,39.9994250,-79.5866600,303.3,114
2018-07-21T15:41:52Z,39.9994780,-79.5866410,303.1,115
2018-07-21T15:41:54Z,39.9995250,-79.5866230,302.9,115
2018-07-21T15:41:56Z,39.9995730,-79.5866070,302.8,116
2018-07-21T15:41:58Z,39.9996170,-79.5865950,302.7,117
2018-07-21T15:42:02Z,39.9996540,-79.5865860,302.5,117
2018-07-21T15:42:04Z,39.9996840,-79.5865750,302.4,116
2018-07-21T15:42:06Z,39.9997200,-79.5865640,302.4,115
2018-07-21T15:42:08Z,39.9997670,-79.5865480,302.4,115
2018-07-21T15:42:10Z,39.9998170,-79.5865350,302.1,116
2018-07-21T15:42:12Z,39.9998660,-79.5865200,301.8,116
2018-07-21T15:42:14Z,39.9999180,-79.5865040,301.7,117
2018-07-21T15:42:16Z,39.9999650,-79.5864980,301.6,118
2018-07-21T15:42:18Z,40.0000140,-79.5864880,301.5,119
2018-07-21T15:42:20Z,40.0000460,-79.5864630,301.4,120
2018-07-21T15:42:22Z,40.0000740,-79.5864280,301.3,121
2018-07-21T15:42:24Z,40.0001110,-79.5864200,301.2,123
2018-07-21T15:42:26Z,40.0001440,-79.5864240,301.2,123
2018-07-21T15:42:30Z,40.0001810,-79.5864250,301.1,122
2018-07-21T15:42:32Z,40.0002080,-79.5864180,301.0,120
2018-07-21T15:42:34Z,40.0002470,-79.5864020,301.0,119
2018-07-21T15:42:36Z,40.0002780,-79.5863950,301.0,118
2018-07-21T15:42:39Z,40.0003120,-79.5863880,301.1,116
2018-07-21T15:42:41Z,40.0003440,-79.5863750,301.1,115
2018-07-21T15:42:43Z,40.0003900,-79.5863660,301.2,114
2018-07-21T15:42:45Z,40.0004290,-79.5863560,301.1,114
2018-07-21T15:42:47Z,40.0004590,-79.5863510,301.1,114
2018-07-21T15:42:49Z,40.0004880,-79.5863560,301.0,112
2018-07-21T15:42:52Z,40.0005180,-79.5863600,300.9,111
2018-07-21T15:42:56Z,40.0005490,-79.5863550,300.8,110
2018-07-21T15:42:59Z,40.0006020,-79.5863360,300.6,109
2018-07-21T15:43:00Z,40.0006360,-79.5863290,300.6,110
2018-07-21T15:43:01Z,40.0006660,-79.5863210,300.6,110
2018-07-21T15:43:03Z,40.0007110,-79.5863050,300.5,112
2018-07-21T15:43:04Z,40.0007370,-79.5862950,300.5,113
2018-07-21T15:43:06Z,40.0007840,-79.5862770,300.4,116
2018-07-21T15:43:08Z,40.0008290,-79.5862650,300.3,118
2018-07-21T15:43:09Z,40.0008560,-79.5862570,300.3,119
2018-07-21T15:43:10Z,40.0008860,-79.5862500,300.3,120
2018-07-21T15:43:11Z,40.0009130,-79.5862430,300.3,122
2018-07-21T15:43:13Z,40.0009580,-79.5862310,300.3,124
2018-07-21T15:43:15Z,40.0010010,-79.5862230,300.3,125
2018-07-21T15:43:16Z,40.0010290,-79.5862150,300.3,126
2018-07-21T15:43:17Z,40.0010580,-79.5862080,300.3,127
2018-07-21T15:43:19Z,40.0011060,-79.5861950,300.3,128
2018-07-21T15:43:21Z,40.0011590,-79.5861800,300.4,129
2018-07-21T15:43:23Z,40.0011950,-79.5861760,300.5,129
2018-07-21T15:43:25Z,40.0012260,-79.5861740,300.5,128
2018-07-21T15:43:27Z,40.0012620,-79.5861670,300.4,127
2018-07-21T15:43:29Z,40.0013010,-79.5861610,300.4,125
2018-07-21T15:43:32Z,40.0013390,-79.5861600,300.3,123
2018-07-21T15:43:36Z,40.0013740,-79.5861530,300.3,122
2018-07-21T15:43:39Z,40.0014000,-79.5861460,300.4,121
2018-07-21T15:43:42Z,40.0014360,-79.5861340,300.5,119
2018-07-21T15:43:44Z,40.0014660,-79.5861220,300.5,118
2018-07-21T15:43:46Z,40.0014980,-79.5861070,300.5,117
2018-07-21T15:43:48Z,40.0015340,-79.5860940,300.5,116
2018-07-21T15:43:50Z,40.0015720,-79.5860860,300.5,115
2018-07-21T15:43:52Z,40.0016000,-79.5860810,300.4,114
2018-07-21T15:43:54Z,40.0016300,-79.5860740,300.4,114
2018-07-21T15:43:56Z,40.0016620,-79.5860620,300.3,113
2018-07-21T15:43:58Z,40.0016990,-79.5860500,300.4,112
2018-07-21T15:44:00Z,40.0017370,-79.5860360,300.4,112
2018-07-21T15:44:02Z,40.0017650,-79.5860250,300.4,112
2018-07-21T15:44:05Z,40.0017980,-79.5860230,300.4,111
2018-07-21T15:44:09Z,40.0018260,-79.5860550,300.4,110
2018-07-21T15:44:11Z,40.0018410,-79.5861140,300.2,111
2018-07-21T15:44:13Z,40.0018400,-79.5861800,300.0,112
2018-07-21T15:44:14Z,40.0018390,-79.5862160,300.0,113
2018-07-21T15:44:16Z,40.0018430,-79.5862790,299.8,115
2018-07-21T15:44:18Z,40.0018460,-79.5863420,299.7,117
2018-07-21T15:44:20Z,40.0018500,-79.5864010,299.6,118
2018-07-21T15:44:22Z,40.0018500,-79.5864490,299.5,119
2018-07-21T15:44:25Z,40.0018520,-79.5864950,299.4,116
2018-07-21T15:44:28Z,40.0018480,-79.5865410,299.3,113
2018-07-21T15:44:30Z,40.0018470,-79.5865830,299.3,112
2018-07-21T15:44:32Z,40.0018540,-79.5866300,299.2,109
2018-07-21T15:44:34Z,40.0018600,-79.5866720,299.0,108
2018-07-21T15:44:37Z,40.0018670,-79.5867250,298.9,107
2018-07-21T15:44:39Z,40.0018720,-79.5867680,298.8,107
2018-07-21T15:44:41Z,40.0018750,-79.5868140,298.7,105
2018-07-21T15:44:43Z,40.0018770,-79.5868600,298.6,106
2018-07-21T15:44:45Z,40.0018810,-79.5869010,298.5,105
2018-07-21T15:44:48Z,40.0018940,-79.5869390,298.4,103
2018-07-21T15:44:54Z,40.0019180,-79.5869740,298.3,104
2018-07-21T15:44:56Z,40.0019510,-79.5869970,298.6,103
2018-07-21T15:44:58Z,40.0019820,-79.5870090,299.0,102
2018-07-21T15:45:00Z,40.0020140,-79.5870160,299.0,101
2018-07-21T15:45:03Z,40.0020570,-79.5870150,299.0,100
2018-07-21T15:45:05Z,40.0020920,-79.5870120,299.0,101
2018-07-21T15:45:07Z,40.0021330,-79.5870130,299.0,102
2018-07-21T15:45:09Z,40.0021750,-79.5870100,299.0,102
2018-07-21T15:45:11Z,40.0022090,-79.5870030,299.0,102
2018-07-21T15:45:13Z,40.0022360,-79.5869920,299.0,104
2018-07-21T15:45:17Z,40.0022630,-79.5869800,299.0,100
2018-07-21T15:45:22Z,40.0022850,-79.5870170,299.0,103
2018-07-21T15:45:24Z,40.0022910,-79.5870560,299.0,103
2018-07-21T15:45:27Z,40.0023050,-79.5871010,299.0,103
2018-07-21T15:45:29Z,40.0023240,-79.5871310,299.0,103
2018-07-21T15:45:31Z,40.0023290,-79.5871750,298.9,102
2018-07-21T15:45:34Z,40.0023480,-79.5872150,298.7,97
2018-07-21T15:45:36Z,40.0023720,-79.5872460,298.6,97
2018-07-21T15:45:38Z,40.0023920,-79.5872900,298.4,97
2018-07-21T15:45:40Z,40.0024120,-79.5873430,298.2,97
2018-07-21T15:45:42Z,40.0024230,-79.5873920,298.1,97
2018-07-21T15:45:44Z,40.0024310,-79.5874380,297.9,97
2018-07-21T15:45:46Z,40.0024350,-79.5874850,297.8,97
2018-07-21T15:45:49Z,40.0024440,-79.5875320,297.6,97
2018-07-21T15:45:53Z,40.0024550,-79.5875700,297.5,97
2018-07-21T15:45:57Z,40.0024540,-79.5876070,297.3,97
2018-07-21T15:46:00Z,40.0024750,-79.5876470,296.9,97
2018-07-21T15:46:03Z,40.0025070,-79.5876560,296.8,97
2018-07-21T15:46:07Z,40.0025370,-79.5876620,296.7,96
2018-07-21T15:46:10Z,40.0025740,-79.5876560,296.6,96
2018-07-21T15:46:13Z,40.0026220,-79.5876530,296.4,95
2018-07-21T15:46:15Z,40.0026690,-79.5876520,296.3,95
2018-07-21T15:46:17Z,40.0027050,-79.5876490,296.2,95
2018-07-21T15:46:19Z,40.0027340,-79.5876450,296.1,94
2018-07-21T15:46:23Z,40.0027610,-79.5876480,296.0,94
2018-07-21T15:46:27Z,40.0027920,-79.5876590,295.9,93
2018-07-21T15:46:30Z,40.0028330,-79.5876480,295.8,93
2018-07-21T15:46:32Z,40.0028780,-79.5876450,295.7,93
2018-07-21T15:46:34Z,40.0029180,-79.5876490,295.5,94
2018-07-21T15:46:36Z,40.0029490,-79.5876530,295.4,94
2018-07-21T15:46:39Z,40.0029840,-79.5876360,295.3,94
2018-07-21T15:46:41Z,40.0030140,-79.5876200,295.2,94
2018-07-21T15:46:43Z,40.0030600,-79.5876180,295.1,93
2018-07-21T15:46:45Z,40.0030930,-79.5876270,294.9,92
2018-07-21T15:46:48Z,40.0031260,-79.5876380,294.5,92
2018-07-21T15:46:52Z,40.0031530,-79.5876460,294.2,92
2018-07-21T15:46:54Z,40.0031890,-79.5876530,293.7,91
2018-07-21T15:46:56Z,40.0032270,-79.5876510,293.1,92
2018-07-21T15:46:58Z,40.0032620,-79.5876490,292.5,90
2018-07-21T15:47:01Z,40.0032970,-79.5876500,292.0,90
2018-07-21T15:47:03Z,40.0033260,-79.5876450,291.6,90
2018-07-21T15:47:05Z,40.0033590,-79.5876430,291.3,90
2018-07-21T15:47:07Z,40.0033940,-79.5876420,291.1,90
2018-07-21T15:47:10Z,40.0034270,-79.5876470,291.0,90
2018-07-21T15:47:15Z,40.0034650,-79.5876420,290.8,89
2018-07-21T15:47:17Z,40.0034920,-79.5876380,290.7,92
2018-07-21T15:47:20Z,40.0035200,-79.5876230,290.5,90
2018-07-21T15:47:23Z,40.0035540,-79.5876200,290.4,90
2018-07-21T15:47:26Z,40.0035910,-79.5876160,290.3,89
2018-07-21T15:47:28Z,40.0036200,-79.5876190,290.2,89
2018-07-21T15:47:30Z,40.0036580,-79.5876240,290.1,88
2018-07-21T15:47:32Z,40.0037090,-79.5876290,290.0,88
2018-07-21T15:47:34Z,40.0037550,-79.5876330,289.9,88
2018-07-21T15:47:37Z,40.0037860,-79.5876390,289.8,88
2018-07-21T15:47:41Z,40.0038130,-79.5876550,289.7,87
2018-07-21T15:47:44Z,40.0038440,-79.5876620,289.7,87
2018-07-21T15:47:47Z,40.0038810,-79.5876570,289.6,87
2018-07-21T15:47:49Z,40.0039160,-79.5876460,289.5,87
2018-07-21T15:47:51Z,40.0039580,-79.5876480,289.4,88
2018-07-21T15:47:53Z,40.0039930,-79.5876560,289.4,88
2018-07-21T15:47:55Z,40.0040250,-79.5876670,289.3,88
2018-07-21T15:47:57Z,40.0040570,-79.5876640,289.3,88
2018-07-21T15:47:59Z,40.0040940,-79.5876560,289.2,89
2018-07-21T15:48:01Z,40.0041340,-79.5876470,289.1,89
2018-07-21T15:48:03Z,40.0041740,-79.5876410,289.1,89
2018-07-21T15:48:05Z,40.0042080,-79.5876420,289.0,89
2018-07-21T15:48:07Z,40.0042360,-79.5876460,289.0,90
2018-07-21T15:48:09Z,40.0042650,-79.5876500,288.9,90
2018-07-21T15:48:12Z,40.0043010,-79.5876580,288.9,90
2018-07-21T15:48:16Z,40.0043290,-79.5876660,288.8,89
2018-07-21T15:48:20Z,40.0043580,-79.5876630,288.8,89
2018-07-21T15:48:22Z,40.0043860,-79.5876600,288.8,89
2018-07-21T15:48:24Z,40.0044240,-79.5876550,288.7,89
2018-07-21T15:48:26Z,40.0044610,-79.5876470,288.6,90
2018-07-21T15:48:28Z,40.0044990,-79.5876440,288.6,90
2018-07-21T15:48:31Z,40.0045350,-79.5876460,288.5,89
2018-07-21T15:48:34Z,40.0045770,-79.5876480,288.5,89
2018-07-21T15:48:36Z,40.0046180,-79.5876540,288.4,89
2018-07-21T15:48:38Z,40.0046580,-79.5876520,288.3,89
2018-07-21T15:48:40Z,40.0046880,-79.5876550,288.3,90
2018-07-21T15:48:43Z,40.0047160,-79.5876670,288.2,90
2018-07-21T15:48:47Z,40.0047510,-79.5876710,288.2,90
2018-07-21T15:48:49Z,40.0047830,-79.5876660,288.1,90
2018-07-21T15:48:51Z,40.0048130,-79.5876620,288.1,90
2018-07-21T15:48:53Z,40.0048450,-79.5876620,288.1,91
2018-07-21T15:48:55Z,40.0048800,-79.5876600,288.0,91
2018-07-21T15:48:57Z,40.0049210,-79.5876570,288.3,91
2018-07-21T15:48:59Z,40.0049590,-79.5876550,288.5,92
2018-07-21T15:49:02Z,40.0049890,-79.5876560,288.6,94
2018-07-21T15:49:06Z,40.0050270,-79.5876570,288.8,94
2018-07-21T15:49:08Z,40.0050590,-79.5876510,288.9,94
2018-07-21T15:49:10Z,40.0050910,-79.5876550,289.1,94
2018-07-21T15:49:12Z,40.0051200,-79.5876580,289.2,94
2018-07-21T15:49:14Z,40.0051570,-79.5876590,289.5,95
2018-07-21T15:49:16Z,40.0051990,-79.5876650,289.7,95
2018-07-21T15:49:18Z,40.0052290,-79.5876710,289.9,95
2018-07-21T15:49:21Z,40.0052590,-79.5876820,290.1,95
2018-07-21T15:49:24Z,40.0052870,-79.5876890,290.3,96
2018-07-21T15:49:27Z,40.0053280,-79.5876830,290.5,97
2018-07-21T15:49:29Z,40.0053560,-79.5876840,290.6,97
2018-07-21T15:49:31Z,40.0053840,-79.5876890,290.7,100
2018-07-21T15:49:33Z,40.0054210,-79.5876890,290.8,100
2018-07-21T15:49:35Z,40.0054580,-79.5876800,290.8,100
2018-07-21T15:49:38Z,40.0054880,-79.5876550,290.9,97
2018-07-21T15:49:42Z,40.0055180,-79.5876460,290.9,95
2018-07-21T15:49:44Z,40.0055500,-79.5876480,291.0,96
2018-07-21T15:49:46Z,40.0055800,-79.5876480,291.0,95
2018-07-21T15:49:48Z,40.0056110,-79.5876480,291.1,95
2018-07-21T15:49:50Z,40.0056500,-79.5876500,291.1,95
2018-07-21T15:49:52Z,40.0056790,-79.5876530,291.2,97
2018-07-21T15:49:56Z,40.0057110,-79.5876520,291.2,99
2018-07-21T15:49:58Z,40.0057430,-79.5876460,291.3,99
2018-07-21T15:50:00Z,40.0057730,-79.5876410,291.3,100
2018-07-21T15:50:02Z,40.0058100,-79.5876350,291.3,100
2018-07-21T15:50:05Z,40.0058450,-79.5876410,291.3,101
2018-07-21T15:50:08Z,40.0058740,-79.5876440,291.3,100
2018-07-21T15:50:11Z,40.0059130,-79.5876410,291.4,100
2018-07-21T15:50:13Z,40.0059500,-79.5876500,291.4,100
2018-07-21T15:50:15Z,40.0059810,-79.5876530,291.4,101
2018-07-21T15:50:19Z,40.0060200,-79.5876500,291.5,100
2018-07-21T15:50:21Z,40.0060490,-79.5876520,291.5,100
2018-07-21T15:50:24Z,40.0060920,-79.5876450,291.5,99
2018-07-21T15:50:26Z,40.0061340,-79.5876430,291.5,100
2018-07-21T15:50:29Z,40.0061680,-79.5876520,291.6,100
2018-07-21T15:50:32Z,40.0061940,-79.5876690,291.6,100
2018-07-21T15:50:34Z,40.0062200,-79.5876930,291.6,99
2018-07-21T15:50:36Z,40.0062430,-79.5877200,291.6,99
2018-07-21T15:50:38Z,40.0062720,-79.5877420,291.6,98
2018-07-21T15:50:40Z,40.0063000,-79.5877450,291.7,98
2018-07-21T15:50:42Z,40.0063340,-79.5877400,291.7,98
2018-07-21T15:50:46Z,40.0063670,-79.5877400,291.7,96
2018-07-21T15:50:49Z,40.0063970,-79.5877390,291.7,96
2018-07-21T15:50:51Z,40.0064300,-79.5877370,291.8,96
2018-07-21T15:50:53Z,40.0064610,-79.5877330,291.8,96
2018-07-21T15:50:56Z,40.0065000,-79.5877240,291.8,94
2018-07-21T15:50:58Z,40.0065390,-79.5877330,291.9,93
2018-07-21T15:51:00Z,40.0065770,-79.5877430,291.9,93
2018-07-21T15:51:03Z,40.0066060,-79.5877540,291.9,92
2018-07-21T15:51:07Z,40.0066400,-79.5877620,292.0,90
2018-07-21T15:51:09Z,40.0066700,-79.5877700,292.0,90
2018-07-21T15:51:11Z,40.0066940,-79.5877860,292.0,90
2018-07-21T15:51:13Z,40.0067090,-79.5878240,292.0,90
2018-07-21T15:51:15Z,40.0067080,-79.5878840,292.0,91
2018-07-21T15:51:17Z,40.0067020,-79.5879450,292.0,91
2018-07-21T15:51:19Z,40.0067010,-79.5879860,292.0,91
2018-07-21T15:51:22Z,40.0067030,-79.5880260,292.0,92
2018-07-21T15:51:25Z,40.0066970,-79.5880790,292.0,92
2018-07-21T15:51:27Z,40.0067000,-79.5881240,292.0,91
2018-07-21T15:51:30Z,40.0066990,-79.5881690,292.0,91
2018-07-21T15:51:33Z,40.0066980,-79.5882250,292.0,91
2018-07-21T15:51:35Z,40.0067000,-79.5882680,292.0,92
2018-07-21T15:51:37Z,40.0067010,-79.5883050,292.0,92
2018-07-21T15:51:40Z,40.0067050,-79.5883430,291.9,92
2018-07-21T15:51:43Z,40.0067150,-79.5883860,291.8,92
2018-07-21T15:51:45Z,40.0067140,-79.5884330,291.7,91
2018-07-21T15:51:47Z,40.0067100,-79.5884690,291.7,91
2018-07-21T15:51:49Z,40.0067090,-79.5885110,291.6,91
2018-07-21T15:51:51Z,40.0067080,-79.5885620,291.5,91
2018-07-21T15:51:54Z,40.0067130,-79.5886030,291.4,90
2018-07-21T15:51:59Z,40.0067110,-79.5886490,291.3,88
2018-07-21T15:52:02Z,40.0067240,-79.5887020,291.2,88
2018-07-21T15:52:05Z,40.0067550,-79.5887310,290.9,88
2018-07-21T15:52:07Z,40.0067840,-79.5887330,290.8,89
2018-07-21T15:52:09Z,40.0068240,-79.5887380,290.8,89
2018-07-21T15:52:12Z,40.0068480,-79.5887570,290.8,88
2018-07-21T15:52:18Z,40.0068540,-79.5887930,290.8,91
2018-07-21T15:52:20Z,40.0068720,-79.5888210,290.7,91
2018-07-21T15:52:23Z,40.0069170,-79.5888280,290.7,91
2018-07-21T15:52:25Z,40.0069560,-79.5888350,290.6,91
2018-07-21T15:52:28Z,40.0069860,-79.5888410,290.6,91
2018-07-21T15:52:30Z,40.0070130,-79.5888410,290.6,91
2018-07-21T15:52:32Z,40.0070420,-79.5888410,290.5,90
2018-07-21T15:52:35Z,40.0070770,-79.5888340,290.5,89
2018-07-21T15:52:39Z,40.0071010,-79.5888600,290.4,89
2018-07-21T15:52:41Z,40.0070990,-79.5888970,290.4,90
2018-07-21T15:52:45Z,40.0070820,-79.5889270,290.3,90
