Lat,Lon,Elev,Date_Time,Heart
40.0070560,-79.5889880,290.5,2018-07-27T10:40:00Z,67
40.0070240,-79.5889720,290.5,2018-07-27T10:40:03Z,67
40.0069960,-79.5889610,290.5,2018-07-27T10:40:05Z,67
40.0069660,-79.5889480,290.6,2018-07-27T10:40:08Z,67
40.0069250,-79.5889500,290.6,2018-07-27T10:40:12Z,67
40.0068970,-79.5889450,290.7,2018-07-27T10:40:14Z,67
40.0068660,-79.5889450,290.7,2018-07-27T10:40:16Z,67
40.0068370,-79.5889440,290.8,2018-07-27T10:40:18Z,67
40.0068070,-79.5889390,290.8,2018-07-27T10:40:21Z,67
40.0067780,-79.5889370,290.8,2018-07-27T10:40:23Z,67
40.0067410,-79.5889280,290.9,2018-07-27T10:40:26Z,67
40.0067030,-79.5889280,290.9,2018-07-27T10:40:29Z,67
40.0066750,-79.5889310,291.0,2018-07-27T10:40:31Z,67
40.0066470,-79.5889250,290.9,2018-07-27T10:40:33Z,67
40.0066120,-79.5889110,290.6,2018-07-27T10:40:36Z,67
40.0065840,-79.5889060,290.3,2018-07-27T10:40:38Z,67
40.0065480,-79.5889010,290.0,2018-07-27T10:40:41Z,67
40.0065150,-79.5888990,289.8,2018-07-27T10:40:44Z,67
40.0064750,-79.5888970,289.4,2018-07-27T10:40:47Z,67
40.0064470,-79.5888950,289.2,2018-07-27T10:40:49Z,67
40.0064180,-79.5889140,289.0,2018-07-27T10:40:52Z,67
40.0063810,-79.5889180,288.8,2018-07-27T10:40:55Z,67
40.0063540,-79.5889130,288.7,2018-07-27T10:40:57Z,67
40.0063220,-79.5889140,288.6,2018-07-27T10:41:00Z,67
40.0062880,-79.5889040,288.6,2018-07-27T10:41:03Z,67
40.0062600,-79.5888980,288.5,2018-07-27T10:41:05Z,67
40.0062310,-79.5888930,288.4,2018-07-27T10:41:07Z,67
40.0062020,-79.5888890,288.4,2018-07-27T10:41:09Z,67
40.0061710,-79.5888930,288.3,2018-07-27T10:41:11Z,67
40.0061410,-79.5888950,288.2,2018-07-27T10:41:13Z,67
40.0061120,-79.5888930,288.2,2018-07-27T10:41:15Z,67
40.0060780,-79.5888900,288.1,2018-07-27T10:41:17Z,67
40.0060460,-79.5888840,288.1,2018-07-27T10:41:19Z,67
40.0060190,-79.5888840,288.0,2018-07-27T10:41:21Z,67
40.0059910,-79.5888810,288.0,2018-07-27T10:41:23Z,67
40.0059610,-79.5888800,288.0,2018-07-27T10:41:25Z,65
40.0059230,-79.5888730,287.9,2018-07-27T10:41:28Z,68
40.0058850,-79.5888700,287.9,2018-07-27T10:41:31Z,68
40.0058490,-79.5888740,287.8,2018-07-27T10:41:34Z,67
40.0058210,-79.5888740,287.8,2018-07-27T10:41:36Z,66
40.0057940,-79.5888790,287.8,2018-07-27T10:41:38Z,66
40.0057580,-79.5888920,287.7,2018-07-27T10:41:41Z,66
40.0057220,-79.5889010,287.7,2018-07-27T10:41:44Z,66
40.0056910,-79.5889080,287.7,2018-07-27T10:41:46Z,67
40.0056630,-79.5889150,287.7,2018-07-27T10:41:48Z,67
40.0056230,-79.5889110,287.7,2018-07-27T10:41:51Z,68
40.0055850,-79.5889250,287.7,2018-07-27T10:41:54Z,69
40.0055510,-79.5889300,287.7,2018-07-27T10:41:57Z,70
40.0055190,-79.5889310,287.8,2018-07-27T10:42:00Z,71
40.0054860,-79.5889360,287.8,2018-07-27T10:42:03Z,72
40.0054520,-79.5889290,287.8,2018-07-27T10:42:07Z,74
40.0054200,-79.5889120,287.8,2018-07-27T10:42:10Z,74
40.0053850,-79.5889020,287.8,2018-07-27T10:42:13Z,74
40.0053480,-79.5889020,287.9,2018-07-27T10:42:15Z,74
40.0053080,-79.5889040,287.9,2018-07-27T10:42:17Z,74
40.0052690,-79.5888990,287.9,2018-07-27T10:42:20Z,74
40.0052270,-79.5888900,287.9,2018-07-27T10:42:23Z,74
40.0051870,-79.5888710,287.9,2018-07-27T10:42:25Z,74
40.0051560,-79.5888520,287.9,2018-07-27T10:42:27Z,75
40.0051280,-79.5888300,287.9,2018-07-27T10:42:29Z,76
40.0050980,-79.5888110,287.9,2018-07-27T10:42:31Z,77
40.0050650,-79.5888030,287.9,2018-07-27T10:42:34Z,78
40.0050350,-79.5887980,288.0,2018-07-27T10:42:38Z,81
40.0049980,-79.5887920,288.0,2018-07-27T10:42:41Z,82
40.0049630,-79.5887890,288.0,2018-07-27T10:42:44Z,82
40.0049350,-79.5887770,288.0,2018-07-27T10:42:46Z,81
40.0049010,-79.5887460,288.0,2018-07-27T10:42:48Z,81
40.0048850,-79.5887170,288.0,2018-07-27T10:42:50Z,79
40.0048590,-79.5886910,288.0,2018-07-27T10:42:53Z,79
40.0048430,-79.5886610,288.0,2018-07-27T10:42:55Z,78
40.0048360,-79.5886230,288.0,2018-07-27T10:42:57Z,77
40.0048400,-79.5885850,288.0,2018-07-27T10:42:59Z,76
40.0048400,-79.5885330,288.0,2018-07-27T10:43:02Z,74
40.0048400,-79.5884790,288.0,2018-07-27T10:43:04Z,74
40.0048420,-79.5884320,288.0,2018-07-27T10:43:06Z,74
40.0048430,-79.5883950,288.0,2018-07-27T10:43:09Z,74
40.0048370,-79.5883550,288.0,2018-07-27T10:43:12Z,73
40.0048290,-79.5883180,288.0,2018-07-27T10:43:14Z,75
40.0048310,-79.5882760,288.0,2018-07-27T10:43:17Z,78
40.0048270,-79.5882400,288.0,2018-07-27T10:43:19Z,78
40.0048250,-79.5881920,288.0,2018-07-27T10:43:21Z,79
40.0048280,-79.5881480,288.0,2018-07-27T10:43:23Z,80
40.0048300,-79.5881110,288.0,2018-07-27T10:43:26Z,81
40.0048290,-79.5880570,288.0,2018-07-27T10:43:29Z,80
40.0048330,-79.5880140,288.0,2018-07-27T10:43:31Z,79
40.0048380,-79.5879730,288.0,2018-07-27T10:43:33Z,78
40.0048440,-79.5879350,288.0,2018-07-27T10:43:35Z,78
40.0048460,-79.5878920,288.0,2018-07-27T10:43:37Z,77
40.0048500,-79.5878540,288.0,2018-07-27T10:43:39Z,77
40.0048550,-79.5878160,288.0,2018-07-27T10:43:41Z,77
40.0048330,-79.5877810,288.1,2018-07-27T10:43:44Z,78
40.0048010,-79.5877760,288.1,2018-07-27T10:43:46Z,79
40.0047670,-79.5877780,288.2,2018-07-27T10:43:48Z,78
40.0047290,-79.5877850,288.2,2018-07-27T10:43:51Z,80
40.0046960,-79.5877890,288.3,2018-07-27T10:43:54Z,82
40.0046670,-79.5877890,288.3,2018-07-27T10:43:56Z,84
40.0046380,-79.5877860,288.4,2018-07-27T10:43:58Z,85
40.0046090,-79.5877830,288.4,2018-07-27T10:44:02Z,85
40.0045740,-79.5877910,288.5,2018-07-27T10:44:05Z,84
40.0045440,-79.5877980,288.5,2018-07-27T10:44:07Z,83
40.0045160,-79.5878000,288.6,2018-07-27T10:44:09Z,82
40.0044790,-79.5877940,288.6,2018-07-27T10:44:11Z,81
40.0044440,-79.5877910,288.7,2018-07-27T10:44:13Z,81
40.0044070,-79.5877950,288.7,2018-07-27T10:44:17Z,80
40.0043750,-79.5877990,288.8,2018-07-27T10:44:19Z,80
40.0043430,-79.5878070,288.8,2018-07-27T10:44:23Z,80
40.0043150,-79.5878100,288.9,2018-07-27T10:44:25Z,80
40.0042750,-79.5878060,288.9,2018-07-27T10:44:27Z,80
40.0042460,-79.5877990,289.0,2018-07-27T10:44:29Z,80
40.0042130,-79.5877970,289.0,2018-07-27T10:44:32Z,82
40.0041800,-79.5878020,289.1,2018-07-27T10:44:36Z,83
40.0041430,-79.5878030,289.1,2018-07-27T10:44:41Z,82
40.0041140,-79.5878000,289.2,2018-07-27T10:44:44Z,82
40.0040800,-79.5878120,289.2,2018-07-27T10:44:46Z,82
40.0040400,-79.5878220,289.3,2018-07-27T10:44:48Z,81
40.0040040,-79.5878200,289.4,2018-07-27T10:44:50Z,83
40.0039720,-79.5878190,289.4,2018-07-27T10:44:52Z,84
40.0039380,-79.5878220,289.5,2018-07-27T10:44:54Z,85
40.0039080,-79.5878150,289.5,2018-07-27T10:44:57Z,85
40.0038800,-79.5878130,289.6,2018-07-27T10:44:59Z,86
40.0038500,-79.5878160,289.6,2018-07-27T10:45:01Z,86
40.0038150,-79.5878060,289.7,2018-07-27T10:45:04Z,88
40.0037860,-79.5877970,289.8,2018-07-27T10:45:06Z,89
40.0037570,-79.5877890,289.9,2018-07-27T10:45:08Z,89
40.0037280,-79.5877920,289.9,2018-07-27T10:45:13Z,90
40.0036930,-79.5877950,290.0,2018-07-27T10:45:15Z,91
40.0036460,-79.5877880,290.1,2018-07-27T10:45:17Z,91
40.0035980,-79.5877840,290.2,2018-07-27T10:45:19Z,91
40.0035660,-79.5877800,290.3,2018-07-27T10:45:21Z,89
40.0035350,-79.5877790,290.5,2018-07-27T10:45:23Z,89
40.0035020,-79.5877830,290.6,2018-07-27T10:45:25Z,88
40.0034710,-79.5877830,290.7,2018-07-27T10:45:28Z,90
40.0034370,-79.5877780,290.9,2018-07-27T10:45:30Z,91
40.0034050,-79.5877730,291.0,2018-07-27T10:45:32Z,93
40.0033780,-79.5877700,291.2,2018-07-27T10:45:34Z,92
40.0033380,-79.5877730,291.4,2018-07-27T10:45:37Z,94
40.0033000,-79.5877590,291.9,2018-07-27T10:45:40Z,94
40.0032700,-79.5877490,292.4,2018-07-27T10:45:42Z,95
40.0032400,-79.5877490,292.9,2018-07-27T10:45:45Z,95
40.0032020,-79.5877620,293.5,2018-07-27T10:45:48Z,96
40.0031720,-79.5877640,294.0,2018-07-27T10:45:50Z,97
40.0031350,-79.5877640,294.4,2018-07-27T10:45:53Z,98
40.0030920,-79.5877700,294.9,2018-07-27T10:45:56Z,97
40.0030610,-79.5877740,295.1,2018-07-27T10:45:58Z,96
40.0030260,-79.5877620,295.2,2018-07-27T10:46:01Z,96
40.0029910,-79.5877550,295.3,2018-07-27T10:46:03Z,95
40.0029550,-79.5877490,295.4,2018-07-27T10:46:06Z,93
40.0029200,-79.5877410,295.5,2018-07-27T10:46:09Z,94
40.0028860,-79.5877300,295.6,2018-07-27T10:46:11Z,94
40.0028520,-79.5877170,295.7,2018-07-27T10:46:14Z,93
40.0028220,-79.5877040,295.8,2018-07-27T10:46:16Z,92
40.0027860,-79.5877020,295.9,2018-07-27T10:46:18Z,92
40.0027550,-79.5877040,296.0,2018-07-27T10:46:20Z,92
40.0027280,-79.5877000,296.1,2018-07-27T10:46:22Z,92
40.0026900,-79.5877050,296.2,2018-07-27T10:46:25Z,92
40.0026510,-79.5877110,296.3,2018-07-27T10:46:28Z,92
40.0026130,-79.5877060,296.5,2018-07-27T10:46:31Z,91
40.0025810,-79.5876970,296.5,2018-07-27T10:46:33Z,92
40.0025480,-79.5876920,296.6,2018-07-27T10:46:35Z,92
40.0025180,-79.5876910,296.7,2018-07-27T10:46:38Z,91
40.0024860,-79.5876970,296.8,2018-07-27T10:46:40Z,90
40.0024480,-79.5876950,296.9,2018-07-27T10:46:43Z,87
40.0024220,-79.5876670,297.2,2018-07-27T10:46:46Z,86
40.0023890,-79.5876440,297.3,2018-07-27T10:46:49Z,86
40.0023620,-79.5876150,297.5,2018-07-27T10:46:51Z,88
40.0023500,-79.5875800,297.6,2018-07-27T10:46:53Z,88
40.0023430,-79.5875310,297.7,2018-07-27T10:46:55Z,88
40.0023440,-79.5874840,297.9,2018-07-27T10:46:57Z,88
40.0023470,-79.5874420,298.0,2018-07-27T10:47:00Z,88
40.0023480,-79.5874010,298.2,2018-07-27T10:47:02Z,89
40.0023470,-79.5873470,298.3,2018-07-27T10:47:05Z,89
40.0023460,-79.5873030,298.5,2018-07-27T10:47:07Z,88
40.0023430,-79.5872590,298.6,2018-07-27T10:47:10Z,88
40.0023300,-79.5872090,298.8,2018-07-27T10:47:13Z,89
40.0023200,-79.5871730,298.9,2018-07-27T10:47:15Z,89
40.0023060,-79.5871200,299.0,2018-07-27T10:47:18Z,91
40.0022940,-79.5870810,299.0,2018-07-27T10:47:21Z,91
40.0022690,-79.5870480,299.0,2018-07-27T10:47:25Z,89
40.0022250,-79.5870470,299.0,2018-07-27T10:47:28Z,88
40.0021940,-79.5870500,299.0,2018-07-27T10:47:30Z,88
40.0021540,-79.5870420,299.0,2018-07-27T10:47:33Z,87
40.0021160,-79.5870510,299.0,2018-07-27T10:47:36Z,87
40.0020830,-79.5870580,299.0,2018-07-27T10:47:38Z,87
40.0020470,-79.5870660,299.0,2018-07-27T10:47:40Z,86
40.0020170,-79.5870690,299.0,2018-07-27T10:47:42Z,84
40.0019830,-79.5870770,299.0,2018-07-27T10:47:46Z,83
40.0019570,-79.5870910,299.0,2018-07-27T10:47:49Z,83
40.0019240,-79.5871010,299.0,2018-07-27T10:47:51Z,84
40.0018930,-79.5870950,299.0,2018-07-27T10:47:53Z,85
40.0018630,-79.5870870,298.9,2018-07-27T10:47:55Z,85
40.0018350,-79.5870830,298.8,2018-07-27T10:47:57Z,84
40.0018050,-79.5870760,298.8,2018-07-27T10:47:59Z,83
40.0017700,-79.5870730,298.7,2018-07-27T10:48:01Z,83
40.0017310,-79.5870720,298.6,2018-07-27T10:48:03Z,82
40.0017020,-79.5870710,298.5,2018-07-27T10:48:05Z,82
40.0016750,-79.5870660,298.4,2018-07-27T10:48:08Z,81
40.0016420,-79.5870630,298.3,2018-07-27T10:48:11Z,82
40.0016190,-79.5870290,298.2,2018-07-27T10:48:14Z,81
40.0015880,-79.5870190,298.2,2018-07-27T10:48:16Z,81
40.0015580,-79.5870280,298.1,2018-07-27T10:48:19Z,81
40.0015400,-79.5870700,298.0,2018-07-27T10:48:23Z,82
40.0015120,-79.5870940,297.9,2018-07-27T10:48:25Z,83
40.0014750,-79.5871140,298.0,2018-07-27T10:48:27Z,83
40.0014380,-79.5871120,298.1,2018-07-27T10:48:29Z,83
40.0014070,-79.5871020,298.1,2018-07-27T10:48:32Z,83
40.0013790,-79.5871140,298.2,2018-07-27T10:48:35Z,84
40.0013460,-79.5871290,298.2,2018-07-27T10:48:37Z,85
40.0013240,-79.5871500,298.3,2018-07-27T10:48:39Z,85
40.0012930,-79.5871700,298.3,2018-07-27T10:48:41Z,85
40.0012620,-79.5871820,298.4,2018-07-27T10:48:43Z,85
40.0012200,-79.5871960,298.5,2018-07-27T10:48:46Z,85
40.0011800,-79.5871920,298.6,2018-07-27T10:48:48Z,83
40.0011410,-79.5871860,298.6,2018-07-27T10:48:50Z,83
40.0011100,-79.5871930,298.7,2018-07-27T10:48:53Z,83
40.0010830,-79.5872020,298.7,2018-07-27T10:48:56Z,83
40.0010440,-79.5872200,298.8,2018-07-27T10:48:59Z,83
40.0010100,-79.5872270,298.9,2018-07-27T10:49:01Z,83
40.0009810,-79.5872350,298.9,2018-07-27T10:49:03Z,83
40.0009550,-79.5872470,299.0,2018-07-27T10:49:05Z,83
40.0009130,-79.5872560,299.1,2018-07-27T10:49:07Z,83
40.0008720,-79.5872610,299.2,2018-07-27T10:49:09Z,84
40.0008440,-79.5872630,299.2,2018-07-27T10:49:11Z,85
40.0008090,-79.5872640,299.3,2018-07-27T10:49:14Z,85
40.0007730,-79.5872680,299.4,2018-07-27T10:49:17Z,85
40.0007440,-79.5872790,299.4,2018-07-27T10:49:19Z,85
40.0007120,-79.5873040,299.5,2018-07-27T10:49:21Z,85
40.0006790,-79.5873180,299.5,2018-07-27T10:49:23Z,85
40.0006510,-79.5873220,299.6,2018-07-27T10:49:25Z,85
40.0006130,-79.5873250,299.6,2018-07-27T10:49:28Z,86
40.0005830,-79.5873360,299.6,2018-07-27T10:49:30Z,87
40.0005490,-79.5873370,299.7,2018-07-27T10:49:32Z,87
40.0005160,-79.5873290,299.7,2018-07-27T10:49:34Z,88
40.0004870,-79.5873260,299.8,2018-07-27T10:49:36Z,88
40.0004470,-79.5873240,299.8,2018-07-27T10:49:39Z,89
40.0004170,-79.5873210,299.9,2018-07-27T10:49:41Z,89
40.0003850,-79.5873190,299.9,2018-07-27T10:49:43Z,89
40.0003510,-79.5873170,299.9,2018-07-27T10:49:45Z,92
40.0003140,-79.5873140,300.0,2018-07-27T10:49:47Z,92
40.0002770,-79.5873080,300.0,2018-07-27T10:49:49Z,92
40.0002460,-79.5873120,300.1,2018-07-27T10:49:51Z,93
40.0002170,-79.5873130,300.1,2018-07-27T10:49:53Z,93
40.0001790,-79.5873080,300.2,2018-07-27T10:49:56Z,93
40.0001510,-79.5873050,300.3,2018-07-27T10:49:58Z,94
40.0001170,-79.5872980,300.4,2018-07-27T10:50:00Z,94
40.0000830,-79.5872930,300.5,2018-07-27T10:50:03Z,94
40.0000490,-79.5872960,300.5,2018-07-27T10:50:07Z,95
40.0000200,-79.5873020,300.6,2018-07-27T10:50:09Z,94
39.9999900,-79.5873030,300.7,2018-07-27T10:50:11Z,94
39.9999580,-79.5873030,300.8,2018-07-27T10:50:13Z,94
39.9999180,-79.5873070,300.9,2018-07-27T10:50:15Z,93
39.9998880,-79.5873070,301.0,2018-07-27T10:50:17Z,93
39.9998590,-79.5873050,301.0,2018-07-27T10:50:19Z,93
39.9998270,-79.5873040,301.0,2018-07-27T10:50:21Z,91
39.9997990,-79.5872980,301.1,2018-07-27T10:50:23Z,92
39.9997670,-79.5872900,301.2,2018-07-27T10:50:25Z,92
39.9997350,-79.5872790,301.3,2018-07-27T10:50:27Z,91
39.9996980,-79.5872630,301.4,2018-07-27T10:50:30Z,92
39.9996730,-79.5872410,301.5,2018-07-27T10:50:34Z,92
39.9996420,-79.5872180,301.7,2018-07-27T10:50:37Z,93
39.9996080,-79.5872050,301.8,2018-07-27T10:50:40Z,93
39.9995820,-79.5871930,301.9,2018-07-27T10:50:42Z,94
39.9995410,-79.5871710,302.1,2018-07-27T10:50:44Z,94
39.9995090,-79.5871550,302.2,2018-07-27T10:50:46Z,95
39.9994790,-79.5871380,302.3,2018-07-27T10:50:48Z,96
39.9994480,-79.5871230,302.4,2018-07-27T10:50:51Z,96
39.9994220,-79.5871090,302.5,2018-07-27T10:50:54Z,96
39.9993780,-79.5870800,302.6,2018-07-27T10:50:57Z,97
39.9993350,-79.5870550,302.8,2018-07-27T10:50:59Z,97
39.9993060,-79.5870270,303.0,2018-07-27T10:51:01Z,97
39.9992830,-79.5869880,303.1,2018-07-27T10:51:03Z,97
39.9992690,-79.5869540,303.3,2018-07-27T10:51:06Z,96
39.9992480,-79.5869090,303.3,2018-07-27T10:51:09Z,95
39.9992410,-79.5868630,303.5,2018-07-27T10:51:12Z,94
39.9992530,-79.5868210,303.7,2018-07-27T10:51:15Z,94
39.9992650,-79.5867880,303.9,2018-07-27T10:51:17Z,95
39.9992900,-79.5867660,304.1,2018-07-27T10:51:19Z,95
39.9993270,-79.5867490,303.9,2018-07-27T10:51:22Z,95
39.9993480,-79.5867290,303.7,2018-07-27T10:51:24Z,95
39.9993750,-79.5867110,303.5,2018-07-27T10:51:26Z,95
39.9994150,-79.5867010,303.4,2018-07-27T10:51:29Z,94
39.9994520,-79.5866890,303.4,2018-07-27T10:51:31Z,94
39.9995010,-79.5866730,303.2,2018-07-27T10:51:33Z,94
39.9995410,-79.5866600,303.0,2018-07-27T10:51:35Z,93
39.9995750,-79.5866530,302.9,2018-07-27T10:51:37Z,93
39.9996110,-79.5866460,302.8,2018-07-27T10:51:40Z,91
39.9996380,-79.5866420,302.7,2018-07-27T10:51:42Z,91
39.9996760,-79.5866320,302.6,2018-07-27T10:51:45Z,89
39.9997140,-79.5866210,302.4,2018-07-27T10:51:48Z,88
39.9997440,-79.5866120,302.4,2018-07-27T10:51:50Z,86
39.9997860,-79.5866060,302.4,2018-07-27T10:51:53Z,87
39.9998190,-79.5865890,302.3,2018-07-27T10:51:55Z,86
39.9998550,-79.5865710,302.1,2018-07-27T10:51:57Z,86
39.9998950,-79.5865580,301.9,2018-07-27T10:51:59Z,86
39.9999310,-79.5865500,301.8,2018-07-27T10:52:01Z,85
39.9999590,-79.5865450,301.7,2018-07-27T10:52:03Z,85
39.9999940,-79.5865430,301.6,2018-07-27T10:52:06Z,83
40.0000280,-79.5865340,301.6,2018-07-27T10:52:10Z,83
40.0000640,-79.5865230,301.5,2018-07-27T10:52:12Z,82
40.0001070,-79.5865270,301.4,2018-07-27T10:52:14Z,83
40.0001380,-79.5865300,301.3,2018-07-27T10:52:16Z,83
40.0001790,-79.5865090,301.2,2018-07-27T10:52:18Z,85
40.0002120,-79.5864880,301.1,2018-07-27T10:52:20Z,85
40.0002410,-79.5864790,301.0,2018-07-27T10:52:22Z,86
40.0002710,-79.5864610,301.0,2018-07-27T10:52:25Z,86
40.0003010,-79.5864440,301.0,2018-07-27T10:52:27Z,85
40.0003350,-79.5864290,301.1,2018-07-27T10:52:30Z,86
40.0003720,-79.5864140,301.1,2018-07-27T10:52:32Z,87
40.0004070,-79.5864040,301.2,2018-07-27T10:52:34Z,87
40.0004370,-79.5864020,301.1,2018-07-27T10:52:36Z,87
40.0004720,-79.5864120,301.1,2018-07-27T10:52:39Z,87
40.0005010,-79.5864130,301.0,2018-07-27T10:52:41Z,87
40.0005280,-79.5864070,300.9,2018-07-27T10:52:43Z,87
40.0005580,-79.5864050,300.8,2018-07-27T10:52:47Z,86
40.0006010,-79.5864050,300.7,2018-07-27T10:52:53Z,87
40.0006400,-79.5863960,300.6,2018-07-27T10:52:55Z,87
40.0006840,-79.5863690,300.5,2018-07-27T10:52:57Z,87
40.0007180,-79.5863410,300.5,2018-07-27T10:52:59Z,87
40.0007560,-79.5863310,300.4,2018-07-27T10:53:01Z,87
40.0007900,-79.5863270,300.4,2018-07-27T10:53:04Z,86
40.0008180,-79.5863180,300.3,2018-07-27T10:53:07Z,85
40.0008490,-79.5863060,300.3,2018-07-27T10:53:10Z,84
40.0008650,-79.5862760,300.3,2018-07-27T10:53:12Z,83
40.0009020,-79.5862490,300.3,2018-07-27T10:53:15Z,83
40.0009330,-79.5862470,300.3,2018-07-27T10:53:17Z,83
40.0009720,-79.5862370,300.3,2018-07-27T10:53:19Z,84
40.0010100,-79.5862230,300.3,2018-07-27T10:53:21Z,85
40.0010420,-79.5862170,300.3,2018-07-27T10:53:23Z,85
40.0010750,-79.5862040,300.3,2018-07-27T10:53:25Z,85
40.0011140,-79.5861990,300.3,2018-07-27T10:53:28Z,85
40.0011410,-79.5861930,300.4,2018-07-27T10:53:30Z,86
40.0011710,-79.5861960,300.6,2018-07-27T10:53:32Z,86
40.0012030,-79.5862000,300.5,2018-07-27T10:53:34Z,87
40.0012370,-79.5861950,300.4,2018-07-27T10:53:36Z,88
40.0012640,-79.5861890,300.4,2018-07-27T10:53:38Z,88
40.0013150,-79.5861790,300.3,2018-07-27T10:53:40Z,88
40.0013590,-79.5861720,300.3,2018-07-27T10:53:42Z,87
40.0014010,-79.5861640,300.4,2018-07-27T10:53:44Z,87
40.0014400,-79.5861570,300.5,2018-07-27T10:53:46Z,87
40.0014710,-79.5861480,300.5,2018-07-27T10:53:48Z,87
40.0015100,-79.5861330,300.5,2018-07-27T10:53:51Z,89
40.0015350,-79.5861130,300.5,2018-07-27T10:53:53Z,89
40.0015670,-79.5860960,300.4,2018-07-27T10:53:55Z,89
40.0015950,-79.5860970,300.4,2018-07-27T10:53:57Z,89
40.0016290,-79.5860970,300.3,2018-07-27T10:53:59Z,90
40.0016570,-79.5860940,300.4,2018-07-27T10:54:01Z,91
40.0016910,-79.5860870,300.4,2018-07-27T10:54:03Z,91
40.0017220,-79.5860790,300.4,2018-07-27T10:54:05Z,92
40.0017500,-79.5860700,300.4,2018-07-27T10:54:07Z,92
40.0017860,-79.5860630,300.4,2018-07-27T10:54:10Z,90
40.0018150,-79.5860600,300.3,2018-07-27T10:54:13Z,89
40.0018470,-79.5860890,300.1,2018-07-27T10:54:17Z,88
40.0018610,-79.5861280,300.0,2018-07-27T10:54:19Z,87
40.0018680,-79.5861710,300.0,2018-07-27T10:54:21Z,87
40.0018730,-79.5862100,299.9,2018-07-27T10:54:23Z,87
40.0018780,-79.5862550,299.7,2018-07-27T10:54:25Z,87
40.0018820,-79.5863040,299.6,2018-07-27T10:54:27Z,88
40.0018820,-79.5863430,299.6,2018-07-27T10:54:29Z,88
40.0018800,-79.5863850,299.5,2018-07-27T10:54:31Z,88
40.0018850,-79.5864280,299.4,2018-07-27T10:54:33Z,87
40.0018930,-79.5864660,299.3,2018-07-27T10:54:35Z,87
40.0018930,-79.5865120,299.3,2018-07-27T10:54:37Z,87
40.0018870,-79.5865580,299.2,2018-07-27T10:54:39Z,86
40.0018840,-79.5866070,299.0,2018-07-27T10:54:41Z,86
40.0018800,-79.5866530,298.9,2018-07-27T10:54:44Z,86
40.0018830,-79.5866890,298.8,2018-07-27T10:54:48Z,86
40.0018890,-79.5867320,298.7,2018-07-27T10:54:51Z,86
40.0018960,-79.5867910,298.5,2018-07-27T10:54:53Z,87
40.0018910,-79.5868520,298.4,2018-07-27T10:54:55Z,89
40.0018540,-79.5868980,298.3,2018-07-27T10:54:57Z,91
40.0018000,-79.5869190,298.4,2018-07-27T10:54:59Z,93
40.0017740,-79.5869250,298.4,2018-07-27T10:55:00Z,94
40.0017250,-79.5869280,298.5,2018-07-27T10:55:02Z,96
40.0016830,-79.5869340,298.5,2018-07-27T10:55:04Z,97
40.0016360,-79.5869430,298.4,2018-07-27T10:55:06Z,98
40.0015900,-79.5869660,298.2,2018-07-27T10:55:08Z,99
40.0015630,-79.5869870,298.2,2018-07-27T10:55:09Z,100
40.0015370,-79.5870090,298.1,2018-07-27T10:55:10Z,101
40.0015060,-79.5870530,298.0,2018-07-27T10:55:12Z,102
40.0014960,-79.5870960,297.9,2018-07-27T10:55:14Z,104
40.0014720,-79.5871160,298.0,2018-07-27T10:55:15Z,105
40.0014390,-79.5871300,298.1,2018-07-27T10:55:16Z,106
40.0014030,-79.5871300,298.1,2018-07-27T10:55:17Z,107
40.0013640,-79.5871280,298.2,2018-07-27T10:55:18Z,107
40.0013270,-79.5871300,298.3,2018-07-27T10:55:19Z,108
40.0013000,-79.5871390,298.3,2018-07-27T10:55:20Z,109
40.0012580,-79.5871590,298.4,2018-07-27T10:55:22Z,111
40.0012150,-79.5871760,298.5,2018-07-27T10:55:24Z,111
40.0011710,-79.5871870,298.6,2018-07-27T10:55:26Z,110
40.0011370,-79.5871900,298.6,2018-07-27T10:55:28Z,109
40.0010990,-79.5871960,298.7,2018-07-27T10:55:30Z,107
40.0010640,-79.5872000,298.8,2018-07-27T10:55:32Z,106
40.0010320,-79.5872010,298.8,2018-07-27T10:55:34Z,105
40.0009990,-79.5872120,298.9,2018-07-27T10:55:36Z,104
40.0009680,-79.5872140,299.0,2018-07-27T10:55:39Z,102
40.0009410,-79.5872170,299.0,2018-07-27T10:55:41Z,101
40.0009150,-79.5872260,299.1,2018-07-27T10:55:43Z,101
40.0008760,-79.5872360,299.1,2018-07-27T10:55:46Z,101
40.0008380,-79.5872470,299.2,2018-07-27T10:55:49Z,101
40.0008010,-79.5872480,299.3,2018-07-27T10:55:52Z,101
40.0007630,-79.5872460,299.4,2018-07-27T10:55:55Z,102
40.0007250,-79.5872510,299.4,2018-07-27T10:55:58Z,102
40.0006990,-79.5872610,299.5,2018-07-27T10:56:00Z,101
40.0006720,-79.5872750,299.5,2018-07-27T10:56:02Z,101
40.0006420,-79.5872850,299.6,2018-07-27T10:56:04Z,101
40.0006030,-79.5872980,299.6,2018-07-27T10:56:07Z,101
40.0005700,-79.5873100,299.7,2018-07-27T10:56:10Z,101
40.0005360,-79.5873160,299.7,2018-07-27T10:56:12Z,101
40.0004950,-79.5873280,299.8,2018-07-27T10:56:14Z,102
40.0004620,-79.5873420,299.8,2018-07-27T10:56:16Z,102
40.0004240,-79.5873490,299.8,2018-07-27T10:56:18Z,102
40.0003810,-79.5873470,299.9,2018-07-27T10:56:20Z,104
40.0003540,-79.5873440,299.9,2018-07-27T10:56:21Z,104
40.0003090,-79.5873380,300.0,2018-07-27T10:56:23Z,106
40.0002620,-79.5873350,300.1,2018-07-27T10:56:25Z,108
40.0002190,-79.5873360,300.1,2018-07-27T10:56:27Z,109
40.0001900,-79.5873350,300.2,2018-07-27T10:56:28Z,110
40.0001420,-79.5873340,300.3,2018-07-27T10:56:30Z,112
40.0000950,-79.5873370,300.4,2018-07-27T10:56:32Z,114
40.0000680,-79.5873350,300.5,2018-07-27T10:56:33Z,115
40.0000360,-79.5873290,300.6,2018-07-27T10:56:34Z,116
40.0000070,-79.5873240,300.6,2018-07-27T10:56:35Z,117
39.9999530,-79.5873220,300.8,2018-07-27T10:56:37Z,118
39.9999230,-79.5873230,300.9,2018-07-27T10:56:38Z,119
39.9998730,-79.5873300,301.0,2018-07-27T10:56:40Z,121
39.9998400,-79.5873280,301.0,2018-07-27T10:56:43Z,123
39.9998010,-79.5873180,301.1,2018-07-27T10:56:45Z,124
39.9997670,-79.5873090,301.2,2018-07-27T10:56:48Z,124
39.9997390,-79.5872950,301.3,2018-07-27T10:56:52Z,123
39.9997080,-79.5872840,301.4,2018-07-27T10:56:54Z,121
39.9996750,-79.5872670,301.5,2018-07-27T10:56:56Z,119
39.9996440,-79.5872570,301.6,2018-07-27T10:56:58Z,116
39.9996050,-79.5872460,301.8,2018-07-27T10:57:01Z,115
39.9995770,-79.5872310,301.9,2018-07-27T10:57:03Z,114
39.9995480,-79.5872150,302.0,2018-07-27T10:57:05Z,114
39.9995200,-79.5871970,302.2,2018-07-27T10:57:07Z,113
39.9994950,-79.5871790,302.3,2018-07-27T10:57:09Z,112
39.9994590,-79.5871590,302.4,2018-07-27T10:57:11Z,112
39.9994230,-79.5871370,302.5,2018-07-27T10:57:13Z,112
39.9993960,-79.5871190,302.5,2018-07-27T10:57:15Z,112
39.9993670,-79.5870990,302.7,2018-07-27T10:57:18Z,112
39.9993440,-79.5870660,302.8,2018-07-27T10:57:22Z,113
39.9993170,-79.5870230,303.0,2018-07-27T10:57:25Z,113
39.9992970,-79.5869840,303.1,2018-07-27T10:57:27Z,114
39.9992890,-79.5869490,303.3,2018-07-27T10:57:29Z,115
39.9992800,-79.5869140,303.3,2018-07-27T10:57:31Z,115
39.9992750,-79.5868780,303.3,2018-07-27T10:57:33Z,115
39.9992780,-79.5868310,303.6,2018-07-27T10:57:35Z,114
39.9992850,-79.5867890,303.8,2018-07-27T10:57:37Z,112
39.9993110,-79.5867510,304.0,2018-07-27T10:57:39Z,112
39.9993380,-79.5867270,304.0,2018-07-27T10:57:41Z,111
39.9993800,-79.5866970,303.6,2018-07-27T10:57:43Z,111
39.9994090,-79.5866820,303.5,2018-07-27T10:57:44Z,112
39.9994540,-79.5866610,303.4,2018-07-27T10:57:46Z,112
39.9994980,-79.5866390,303.3,2018-07-27T10:57:48Z,112
39.9995420,-79.5866180,303.1,2018-07-27T10:57:50Z,113
39.9995700,-79.5866060,303.0,2018-07-27T10:57:51Z,113
39.9995990,-79.5865920,302.9,2018-07-27T10:57:52Z,113
39.9996280,-79.5865790,302.8,2018-07-27T10:57:53Z,114
39.9996820,-79.5865560,302.6,2018-07-27T10:57:55Z,116
39.9997110,-79.5865490,302.5,2018-07-27T10:57:56Z,116
39.9997550,-79.5865370,302.4,2018-07-27T10:57:58Z,117
39.9998040,-79.5865300,302.4,2018-07-27T10:58:00Z,118
39.9998430,-79.5865250,302.3,2018-07-27T10:58:02Z,120
39.9998740,-79.5865200,302.1,2018-07-27T10:58:04Z,120
39.9999040,-79.5865140,301.9,2018-07-27T10:58:06Z,121
39.9999300,-79.5865030,301.8,2018-07-27T10:58:08Z,121
39.9999620,-79.5864920,301.7,2018-07-27T10:58:10Z,120
40.0000040,-79.5864860,301.6,2018-07-27T10:58:12Z,118
40.0000480,-79.5864860,301.5,2018-07-27T10:58:14Z,115
40.0000820,-79.5864820,301.5,2018-07-27T10:58:16Z,113
40.0001140,-79.5864780,301.4,2018-07-27T10:58:18Z,111
40.0001460,-79.5864790,301.3,2018-07-27T10:58:21Z,109
40.0001750,-79.5864710,301.2,2018-07-27T10:58:26Z,105
40.0002060,-79.5864580,301.1,2018-07-27T10:58:29Z,103
40.0002320,-79.5864460,301.1,2018-07-27T10:58:31Z,103
40.0002640,-79.5864310,301.0,2018-07-27T10:58:33Z,102
40.0002980,-79.5864200,301.0,2018-07-27T10:58:35Z,102
40.0003480,-79.5864090,301.0,2018-07-27T10:58:37Z,103
40.0004030,-79.5863990,301.1,2018-07-27T10:58:39Z,104
40.0004340,-79.5863930,301.2,2018-07-27T10:58:40Z,105
40.0004660,-79.5863870,301.1,2018-07-27T10:58:41Z,106
40.0004960,-79.5863810,301.1,2018-07-27T10:58:42Z,107
40.0005240,-79.5863740,301.0,2018-07-27T10:58:43Z,108
40.0005710,-79.5863570,300.8,2018-07-27T10:58:45Z,111
40.0006190,-79.5863330,300.7,2018-07-27T10:58:47Z,113
40.0006680,-79.5863070,300.6,2018-07-27T10:58:49Z,115
40.0006970,-79.5862940,300.6,2018-07-27T10:58:50Z,115
40.0007250,-79.5862860,300.5,2018-07-27T10:58:51Z,116
40.0007530,-79.5862830,300.5,2018-07-27T10:58:52Z,117
40.0007850,-79.5862850,300.4,2018-07-27T10:58:53Z,117
40.0008320,-79.5862850,300.4,2018-07-27T10:58:55Z,118
40.0008790,-79.5862730,300.3,2018-07-27T10:58:57Z,119
40.0009310,-79.5862580,300.3,2018-07-27T10:58:59Z,120
40.0009580,-79.5862530,300.3,2018-07-27T10:59:00Z,121
40.0009900,-79.5862440,300.3,2018-07-27T10:59:02Z,122
40.0010280,-79.5862280,300.3,2018-07-27T10:59:05Z,122
40.0010580,-79.5862140,300.3,2018-07-27T10:59:07Z,121
40.0010970,-79.5862080,300.3,2018-07-27T10:59:10Z,119
40.0011300,-79.5862000,300.3,2018-07-27T10:59:12Z,118
40.0011630,-79.5862010,300.3,2018-07-27T10:59:14Z,116
40.0011930,-79.5862000,300.5,2018-07-27T10:59:16Z,114
40.0012270,-79.5862020,300.6,2018-07-27T10:59:18Z,112
40.0012620,-79.5861970,300.5,2018-07-27T10:59:20Z,111
40.0012970,-79.5861870,300.4,2018-07-27T10:59:22Z,110
40.0013290,-79.5861860,300.4,2018-07-27T10:59:24Z,109
40.0013560,-79.5861850,300.3,2018-07-27T10:59:26Z,109
40.0013940,-79.5861790,300.3,2018-07-27T10:59:29Z,109
40.0014240,-79.5861730,300.4,2018-07-27T10:59:31Z,109
40.0014590,-79.5861600,300.5,2018-07-27T10:59:34Z,109
40.0014980,-79.5861470,300.6,2018-07-27T10:59:36Z,109
40.0015260,-79.5861460,300.5,2018-07-27T10:59:37Z,109
40.0015590,-79.5861510,300.5,2018-07-27T10:59:38Z,110
40.0015920,-79.5861570,300.5,2018-07-27T10:59:39Z,110
40.0016240,-79.5861590,300.4,2018-07-27T10:59:40Z,110
40.0016770,-79.5861410,300.3,2018-07-27T10:59:42Z,112
40.0017130,-79.5861280,300.4,2018-07-27T10:59:43Z,112
40.0017470,-79.5861160,300.4,2018-07-27T10:59:44Z,113
40.0017920,-79.5860990,300.4,2018-07-27T10:59:46Z,115
40.0018340,-79.5860830,300.4,2018-07-27T10:59:48Z,117
40.0018740,-79.5860850,300.3,2018-07-27T10:59:50Z,119
40.0019070,-79.5861430,300.0,2018-07-27T10:59:52Z,121
40.0019130,-79.5861820,300.0,2018-07-27T10:59:53Z,121
40.0019110,-79.5862240,299.9,2018-07-27T10:59:54Z,122
40.0019050,-79.5862590,299.8,2018-07-27T10:59:55Z,122
40.0018930,-79.5863190,299.7,2018-07-27T10:59:57Z,123
40.0018900,-79.5863590,299.6,2018-07-27T10:59:58Z,124
40.0018890,-79.5863950,299.5,2018-07-27T10:59:59Z,125
40.0018910,-79.5864310,299.4,2018-07-27T11:00:00Z,125
40.0018930,-79.5864690,299.4,2018-07-27T11:00:01Z,126
40.0018950,-79.5865100,299.3,2018-07-27T11:00:02Z,126
40.0018940,-79.5865500,299.3,2018-07-27T11:00:03Z,127
40.0018930,-79.5865860,299.2,2018-07-27T11:00:04Z,127
40.0018910,-79.5866570,298.9,2018-07-27T11:00:06Z,128
40.0018910,-79.5867230,298.8,2018-07-27T11:00:08Z,129
40.0019000,-79.5867920,298.6,2018-07-27T11:00:10Z,130
40.0019070,-79.5868260,298.5,2018-07-27T11:00:11Z,130
40.0019120,-79.5868610,298.4,2018-07-27T11:00:12Z,131
40.0019040,-79.5869090,298.3,2018-07-27T11:00:14Z,131
40.0018680,-79.5869280,298.3,2018-07-27T11:00:16Z,131
40.0018220,-79.5869350,298.4,2018-07-27T11:00:18Z,130
40.0017840,-79.5869480,298.4,2018-07-27T11:00:20Z,127
40.0017540,-79.5869550,298.5,2018-07-27T11:00:22Z,125
40.0017260,-79.5869610,298.5,2018-07-27T11:00:24Z,124
40.0016840,-79.5869700,298.4,2018-07-27T11:00:26Z,122
40.0016550,-79.5869770,298.3,2018-07-27T11:00:28Z,121
40.0016220,-79.5869870,298.2,2018-07-27T11:00:30Z,120
40.0015820,-79.5869970,298.2,2018-07-27T11:00:32Z,119
40.0015410,-79.5870140,298.1,2018-07-27T11:00:34Z,117
40.0015060,-79.5870390,297.9,2018-07-27T11:00:36Z,116
40.0014770,-79.5870640,298.0,2018-07-27T11:00:38Z,115
40.0014550,-79.5870890,298.0,2018-07-27T11:00:41Z,114
40.0014240,-79.5871050,298.1,2018-07-27T11:00:46Z,110
40.0013930,-79.5871350,298.1,2018-07-27T11:00:51Z,107
40.0013690,-79.5871520,298.2,2018-07-27T11:00:53Z,107
40.0013310,-79.5871620,298.3,2018-07-27T11:00:55Z,107
40.0012890,-79.5871700,298.3,2018-07-27T11:00:57Z,106
40.0012510,-79.5871750,298.4,2018-07-27T11:00:59Z,106
40.0012240,-79.5871810,298.5,2018-07-27T11:01:01Z,105
40.0011890,-79.5871870,298.5,2018-07-27T11:01:03Z,103
40.0011500,-79.5871910,298.6,2018-07-27T11:01:05Z,102
40.0011040,-79.5871980,298.7,2018-07-27T11:01:07Z,101
40.0010680,-79.5872010,298.8,2018-07-27T11:01:09Z,101
40.0010310,-79.5872000,298.8,2018-07-27T11:01:12Z,100
40.0010030,-79.5872010,298.9,2018-07-27T11:01:16Z,99
40.0009720,-79.5872180,299.0,2018-07-27T11:01:18Z,99
40.0009370,-79.5872340,299.0,2018-07-27T11:01:20Z,100
40.0009030,-79.5872470,299.1,2018-07-27T11:01:22Z,101
40.0008610,-79.5872600,299.2,2018-07-27T11:01:24Z,102
40.0008070,-79.5872760,299.3,2018-07-27T11:01:26Z,104
40.0007780,-79.5872820,299.4,2018-07-27T11:01:27Z,105
40.0007280,-79.5872910,299.4,2018-07-27T11:01:29Z,109
40.0006760,-79.5873000,299.5,2018-07-27T11:01:31Z,111
40.0006500,-79.5873100,299.5,2018-07-27T11:01:32Z,113
40.0006210,-79.5873200,299.6,2018-07-27T11:01:33Z,114
40.0005680,-79.5873370,299.7,2018-07-27T11:01:35Z,116
40.0005410,-79.5873440,299.7,2018-07-27T11:01:36Z,117
40.0005130,-79.5873510,299.7,2018-07-27T11:01:37Z,118
40.0004860,-79.5873560,299.8,2018-07-27T11:01:38Z,119
40.0004580,-79.5873570,299.8,2018-07-27T11:01:39Z,119
40.0004060,-79.5873580,299.9,2018-07-27T11:01:41Z,121
40.0003750,-79.5873600,299.9,2018-07-27T11:01:42Z,122
40.0003390,-79.5873620,300.0,2018-07-27T11:01:43Z,122
40.0003040,-79.5873620,300.0,2018-07-27T11:01:44Z,123
40.0002730,-79.5873600,300.0,2018-07-27T11:01:45Z,124
40.0002430,-79.5873560,300.1,2018-07-27T11:01:46Z,124
40.0002140,-79.5873510,300.1,2018-07-27T11:01:47Z,125
40.0001860,-79.5873430,300.2,2018-07-27T11:01:48Z,126
40.0001420,-79.5873290,300.3,2018-07-27T11:01:50Z,127
40.0001130,-79.5873230,300.4,2018-07-27T11:01:52Z,128
40.0000850,-79.5873130,300.4,2018-07-27T11:01:55Z,128
40.0000530,-79.5873080,300.5,2018-07-27T11:01:59Z,127
40.0000240,-79.5873100,300.6,2018-07-27T11:02:02Z,123
39.9999870,-79.5873000,300.7,2018-07-27T11:02:04Z,123
39.9999540,-79.5873010,300.8,2018-07-27T11:02:06Z,122
39.9999200,-79.5873070,300.9,2018-07-27T11:02:08Z,122
39.9998760,-79.5873100,301.0,2018-07-27T11:02:10Z,122
39.9998380,-79.5873080,301.0,2018-07-27T11:02:12Z,123
39.9998030,-79.5873010,301.1,2018-07-27T11:02:14Z,124
39.9997580,-79.5872860,301.2,2018-07-27T11:02:16Z,124
39.9997230,-79.5872710,301.4,2018-07-27T11:02:18Z,124
39.9996850,-79.5872600,301.5,2018-07-27T11:02:20Z,124
39.9996530,-79.5872510,301.6,2018-07-27T11:02:22Z,124
39.9996120,-79.5872430,301.7,2018-07-27T11:02:24Z,124
39.9995660,-79.5872280,301.9,2018-07-27T11:02:26Z,124
39.9995340,-79.5872140,302.1,2018-07-27T11:02:28Z,125
39.9995000,-79.5871930,302.2,2018-07-27T11:02:30Z,125
39.9994730,-79.5871800,302.3,2018-07-27T11:02:32Z,125
39.9994460,-79.5871730,302.4,2018-07-27T11:02:34Z,125
39.9994150,-79.5871600,302.4,2018-07-27T11:02:37Z,125
39.9993870,-79.5871440,302.5,2018-07-27T11:02:39Z,123
39.9993570,-79.5871210,302.6,2018-07-27T11:02:41Z,122
39.9993420,-79.5870860,302.7,2018-07-27T11:02:45Z,118
39.9993200,-79.5870420,302.9,2018-07-27T11:02:48Z,116
39.9992890,-79.5870010,303.1,2018-07-27T11:02:51Z,115
39.9992770,-79.5869530,303.3,2018-07-27T11:02:53Z,116
39.9992740,-79.5868950,303.3,2018-07-27T11:02:55Z,116
39.9992600,-79.5868530,303.5,2018-07-27T11:02:58Z,117
39.9992520,-79.5868000,303.8,2018-07-27T11:03:01Z,119
39.9992750,-79.5867490,304.1,2018-07-27T11:03:03Z,120
39.9992980,-79.5867270,304.0,2018-07-27T11:03:04Z,121
39.9993250,-79.5867080,303.8,2018-07-27T11:03:05Z,121
39.9993510,-79.5866960,303.6,2018-07-27T11:03:06Z,121
39.9993970,-79.5866700,303.4,2018-07-27T11:03:08Z,122
39.9994370,-79.5866470,303.4,2018-07-27T11:03:10Z,123
39.9994820,-79.5866310,303.2,2018-07-27T11:03:12Z,123
39.9995310,-79.5866130,303.0,2018-07-27T11:03:14Z,123
39.9995760,-79.5865940,302.9,2018-07-27T11:03:16Z,124
39.9996130,-79.5865650,302.8,2018-07-27T11:03:18Z,124
39.9996530,-79.5865440,302.6,2018-07-27T11:03:20Z,125
39.9997040,-79.5865300,302.4,2018-07-27T11:03:22Z,126
39.9997320,-79.5865200,302.4,2018-07-27T11:03:23Z,126
39.9997630,-79.5865100,302.4,2018-07-27T11:03:24Z,126
39.9997930,-79.5865040,302.4,2018-07-27T11:03:25Z,126
39.9998430,-79.5864970,302.1,2018-07-27T11:03:27Z,127
39.9998900,-79.5864880,301.8,2018-07-27T11:03:29Z,127
39.9999300,-79.5864810,301.7,2018-07-27T11:03:31Z,127
39.9999620,-79.5864700,301.6,2018-07-27T11:03:33Z,126
39.9999910,-79.5864580,301.6,2018-07-27T11:03:35Z,125
40.0000340,-79.5864480,301.5,2018-07-27T11:03:37Z,124
40.0000750,-79.5864480,301.4,2018-07-27T11:03:39Z,124
40.0001100,-79.5864480,301.3,2018-07-27T11:03:41Z,123
40.0001600,-79.5864430,301.2,2018-07-27T11:03:43Z,124
40.0002010,-79.5864350,301.1,2018-07-27T11:03:45Z,124
40.0002340,-79.5864150,301.0,2018-07-27T11:03:47Z,124
40.0002730,-79.5863920,301.0,2018-07-27T11:03:49Z,124
40.0003150,-79.5863740,301.0,2018-07-27T11:03:51Z,125
40.0003490,-79.5863640,301.1,2018-07-27T11:03:53Z,125
40.0003960,-79.5863540,301.2,2018-07-27T11:03:55Z,125
40.0004390,-79.5863420,301.1,2018-07-27T11:03:57Z,125
40.0004690,-79.5863390,301.1,2018-07-27T11:04:00Z,124
40.0004970,-79.5863180,301.0,2018-07-27T11:04:03Z,123
40.0005240,-79.5862920,300.9,2018-07-27T11:04:06Z,120
40.0005670,-79.5862890,300.7,2018-07-27T11:04:08Z,119
40.0006070,-79.5862930,300.6,2018-07-27T11:04:10Z,117
40.0006400,-79.5862870,300.6,2018-07-27T11:04:12Z,115
40.0006670,-79.5862790,300.6,2018-07-27T11:04:14Z,115
40.0006980,-79.5862780,300.5,2018-07-27T11:04:16Z,114
40.0007320,-79.5862750,300.5,2018-07-27T11:04:18Z,114
40.0007710,-79.5862650,300.4,2018-07-27T11:04:20Z,114
40.0008160,-79.5862550,300.3,2018-07-27T11:04:22Z,115
40.0008630,-79.5862480,300.3,2018-07-27T11:04:24Z,115
40.0008990,-79.5862260,300.3,2018-07-27T11:04:26Z,116
40.0009420,-79.5862100,300.3,2018-07-27T11:04:28Z,117
40.0009810,-79.5862050,300.3,2018-07-27T11:04:30Z,118
40.0010200,-79.5861940,300.3,2018-07-27T11:04:32Z,119
40.0010570,-79.5861840,300.3,2018-07-27T11:04:34Z,121
40.0010840,-79.5861760,300.3,2018-07-27T11:04:35Z,121
40.0011150,-79.5861680,300.3,2018-07-27T11:04:36Z,122
40.0011440,-79.5861630,300.4,2018-07-27T11:04:37Z,122
40.0011850,-79.5861590,300.5,2018-07-27T11:04:39Z,123
40.0012130,-79.5861560,300.6,2018-07-27T11:04:41Z,123
40.0012540,-79.5861490,300.4,2018-07-27T11:04:43Z,122
40.0012960,-79.5861380,300.4,2018-07-27T11:04:45Z,120
40.0013360,-79.5861250,300.3,2018-07-27T11:04:47Z,119
40.0013830,-79.5861080,300.3,2018-07-27T11:04:49Z,119
40.0014150,-79.5860920,300.4,2018-07-27T11:04:51Z,119
40.0014600,-79.5860880,300.5,2018-07-27T11:04:53Z,120
40.0015000,-79.5860800,300.5,2018-07-27T11:04:55Z,121
40.0015400,-79.5860540,300.5,2018-07-27T11:04:57Z,121
40.0015700,-79.5860480,300.5,2018-07-27T11:04:59Z,122
40.0016110,-79.5860390,300.4,2018-07-27T11:05:02Z,122
40.0016520,-79.5860380,300.3,2018-07-27T11:05:04Z,121
40.0016830,-79.5860300,300.4,2018-07-27T11:05:06Z,121
40.0017250,-79.5860320,300.4,2018-07-27T11:05:09Z,120
40.0017700,-79.5860190,300.4,2018-07-27T11:05:11Z,119
40.0018210,-79.5860090,300.4,2018-07-27T11:05:13Z,119
40.0018730,-79.5860400,300.2,2018-07-27T11:05:15Z,120
40.0018940,-79.5860710,300.0,2018-07-27T11:05:16Z,120
40.0019100,-79.5861030,300.0,2018-07-27T11:05:17Z,120
40.0019190,-79.5861380,299.9,2018-07-27T11:05:18Z,121
40.0019250,-79.5861780,299.8,2018-07-27T11:05:19Z,121
40.0019270,-79.5862210,299.7,2018-07-27T11:05:20Z,122
40.0019260,-79.5862570,299.6,2018-07-27T11:05:21Z,123
40.0019240,-79.5862950,299.6,2018-07-27T11:05:22Z,123
40.0019250,-79.5863320,299.5,2018-07-27T11:05:23Z,124
40.0019250,-79.5863720,299.4,2018-07-27T11:05:24Z,124
40.0019250,-79.5864080,299.3,2018-07-27T11:05:25Z,124
40.0019240,-79.5864730,299.3,2018-07-27T11:05:27Z,125
40.0019180,-79.5865360,299.1,2018-07-27T11:05:29Z,126
40.0019020,-79.5865800,298.9,2018-07-27T11:05:31Z,127
40.0018910,-79.5866150,298.8,2018-07-27T11:05:33Z,126
40.0018830,-79.5866500,298.8,2018-07-27T11:05:35Z,125
40.0018760,-79.5866870,298.7,2018-07-27T11:05:37Z,123
40.0018700,-79.5867350,298.6,2018-07-27T11:05:40Z,121
40.0018700,-79.5867810,298.5,2018-07-27T11:05:43Z,120
40.0018700,-79.5868240,298.4,2018-07-27T11:05:45Z,119
40.0018620,-79.5868590,298.3,2018-07-27T11:05:47Z,117
40.0018330,-79.5868830,298.3,2018-07-27T11:05:49Z,116
40.0017990,-79.5868930,298.4,2018-07-27T11:05:51Z,115
40.0017650,-79.5868970,298.4,2018-07-27T11:05:53Z,114
40.0017340,-79.5869040,298.5,2018-07-27T11:05:55Z,113
40.0017050,-79.5869080,298.5,2018-07-27T11:05:57Z,113
40.0016750,-79.5869130,298.5,2018-07-27T11:05:59Z,112
40.0016350,-79.5869210,298.4,2018-07-27T11:06:01Z,112
40.0016030,-79.5869300,298.2,2018-07-27T11:06:03Z,111
40.0015690,-79.5869450,298.2,2018-07-27T11:06:05Z,111
40.0015310,-79.5869790,298.1,2018-07-27T11:06:07Z,111
40.0014940,-79.5870240,297.9,2018-07-27T11:06:09Z,112
40.0014680,-79.5870640,298.0,2018-07-27T11:06:11Z,113
40.0014430,-79.5870880,298.0,2018-07-27T11:06:13Z,114
40.0014130,-79.5871010,298.1,2018-07-27T11:06:15Z,116
40.0013790,-79.5871160,298.2,2018-07-27T11:06:16Z,117
40.0013450,-79.5871270,298.2,2018-07-27T11:06:17Z,118
40.0013130,-79.5871350,298.3,2018-07-27T11:06:18Z,118
40.0012790,-79.5871420,298.4,2018-07-27T11:06:19Z,119
40.0012440,-79.5871580,298.4,2018-07-27T11:06:20Z,120
40.0012110,-79.5871800,298.5,2018-07-27T11:06:21Z,121
40.0011870,-79.5872040,298.5,2018-07-27T11:06:23Z,122
40.0011580,-79.5872230,298.6,2018-07-27T11:06:25Z,122
40.0011170,-79.5872340,298.7,2018-07-27T11:06:27Z,121
40.0010860,-79.5872360,298.7,2018-07-27T11:06:29Z,120
40.0010460,-79.5872420,298.8,2018-07-27T11:06:32Z,119
40.0010160,-79.5872480,298.9,2018-07-27T11:06:34Z,118
40.0009890,-79.5872580,298.9,2018-07-27T11:06:36Z,117
40.0009530,-79.5872720,299.0,2018-07-27T11:06:38Z,116
40.0009250,-79.5872800,299.1,2018-07-27T11:06:40Z,115
40.0008980,-79.5872900,299.1,2018-07-27T11:06:42Z,115
40.0008660,-79.5872980,299.2,2018-07-27T11:06:44Z,115
40.0008280,-79.5873020,299.3,2018-07-27T11:06:46Z,115
40.0007930,-79.5873040,299.3,2018-07-27T11:06:48Z,115
40.0007600,-79.5873050,299.4,2018-07-27T11:06:50Z,115
40.0007270,-79.5873100,299.4,2018-07-27T11:06:52Z,115
40.0006930,-79.5873110,299.5,2018-07-27T11:06:55Z,113
40.0006560,-79.5873390,299.5,2018-07-27T11:07:00Z,112
40.0006160,-79.5873570,299.6,2018-07-27T11:07:03Z,113
40.0005780,-79.5873580,299.6,2018-07-27T11:07:05Z,114
40.0005510,-79.5873600,299.7,2018-07-27T11:07:07Z,113
40.0005190,-79.5873670,299.7,2018-07-27T11:07:09Z,113
40.0004900,-79.5873700,299.8,2018-07-27T11:07:11Z,112
40.0004550,-79.5873720,299.8,2018-07-27T11:07:13Z,112
40.0004220,-79.5873670,299.9,2018-07-27T11:07:15Z,112
40.0003940,-79.5873570,299.9,2018-07-27T11:07:17Z,112
40.0003650,-79.5873520,299.9,2018-07-27T11:07:23Z,111
40.0003300,-79.5873530,300.0,2018-07-27T11:07:25Z,111
40.0002840,-79.5873560,300.0,2018-07-27T11:07:27Z,111
40.0002420,-79.5873510,300.1,2018-07-27T11:07:29Z,111
40.0002090,-79.5873490,300.1,2018-07-27T11:07:31Z,110
40.0001770,-79.5873500,300.2,2018-07-27T11:07:33Z,110
40.0001370,-79.5873550,300.3,2018-07-27T11:07:35Z,110
40.0000980,-79.5873510,300.4,2018-07-27T11:07:37Z,110
40.0000530,-79.5873460,300.5,2018-07-27T11:07:39Z,110
40.0000120,-79.5873390,300.6,2018-07-27T11:07:41Z,109
39.9999820,-79.5873300,300.7,2018-07-27T11:07:43Z,109
39.9999370,-79.5873130,300.9,2018-07-27T11:07:45Z,109
39.9999050,-79.5873060,301.0,2018-07-27T11:07:46Z,109
39.9998770,-79.5873020,301.0,2018-07-27T11:07:47Z,110
39.9998210,-79.5873090,301.0,2018-07-27T11:07:49Z,111
39.9997940,-79.5873100,301.1,2018-07-27T11:07:50Z,112
39.9997550,-79.5873030,301.2,2018-07-27T11:07:52Z,113
39.9997160,-79.5872970,301.4,2018-07-27T11:07:54Z,115
39.9996860,-79.5872940,301.4,2018-07-27T11:07:56Z,117
39.9996380,-79.5872710,301.6,2018-07-27T11:07:58Z,119
39.9995990,-79.5872600,301.7,2018-07-27T11:08:00Z,120
39.9995580,-79.5872550,301.9,2018-07-27T11:08:02Z,122
39.9995090,-79.5872340,302.1,2018-07-27T11:08:04Z,124
39.9994610,-79.5872100,302.3,2018-07-27T11:08:06Z,125
39.9994130,-79.5871960,302.4,2018-07-27T11:08:08Z,126
39.9993700,-79.5871730,302.5,2018-07-27T11:08:10Z,127
39.9993380,-79.5871440,302.6,2018-07-27T11:08:12Z,129
39.9993030,-79.5870970,302.8,2018-07-27T11:08:14Z,130
39.9992890,-79.5870560,303.0,2018-07-27T11:08:16Z,131
39.9992840,-79.5870090,303.1,2018-07-27T11:08:18Z,131
39.9992790,-79.5869660,303.3,2018-07-27T11:08:20Z,131
39.9992620,-79.5869200,303.3,2018-07-27T11:08:22Z,131
39.9992490,-79.5868670,303.5,2018-07-27T11:08:24Z,130
39.9992470,-79.5867920,303.9,2018-07-27T11:08:26Z,130
39.9992520,-79.5867500,304.1,2018-07-27T11:08:27Z,130
39.9992610,-79.5867120,304.0,2018-07-27T11:08:28Z,130
39.9992760,-79.5866810,303.8,2018-07-27T11:08:29Z,131
39.9993170,-79.5866350,303.5,2018-07-27T11:08:31Z,131
39.9993470,-79.5866200,303.4,2018-07-27T11:08:32Z,132
39.9993800,-79.5866100,303.4,2018-07-27T11:08:33Z,132
39.9994120,-79.5866060,303.3,2018-07-27T11:08:34Z,133
39.9994420,-79.5866020,303.2,2018-07-27T11:08:35Z,133
39.9994690,-79.5865990,303.1,2018-07-27T11:08:36Z,134
39.9994970,-79.5865920,303.0,2018-07-27T11:08:37Z,134
39.9995230,-79.5865860,302.9,2018-07-27T11:08:38Z,135
39.9995740,-79.5865750,302.8,2018-07-27T11:08:40Z,136
39.9996190,-79.5865580,302.6,2018-07-27T11:08:42Z,136
39.9996510,-79.5865470,302.5,2018-07-27T11:08:44Z,136
39.9996840,-79.5865380,302.4,2018-07-27T11:08:46Z,136
39.9997150,-79.5865290,302.4,2018-07-27T11:08:48Z,135
39.9997450,-79.5865250,302.4,2018-07-27T11:08:50Z,134
39.9997800,-79.5865290,302.3,2018-07-27T11:08:52Z,132
39.9998170,-79.5865290,302.1,2018-07-27T11:08:54Z,131
39.9998500,-79.5865230,301.9,2018-07-27T11:08:56Z,129
39.9998860,-79.5865150,301.8,2018-07-27T11:08:58Z,128
39.9999170,-79.5865080,301.7,2018-07-27T11:09:00Z,127
39.9999460,-79.5865020,301.6,2018-07-27T11:09:02Z,127
39.9999770,-79.5864980,301.6,2018-07-27T11:09:04Z,126
40.0000090,-79.5864950,301.5,2018-07-27T11:09:06Z,124
40.0000420,-79.5864920,301.5,2018-07-27T11:09:08Z,122
40.0000780,-79.5864880,301.4,2018-07-27T11:09:10Z,121
40.0001060,-79.5864840,301.3,2018-07-27T11:09:12Z,119
40.0001340,-79.5864810,301.2,2018-07-27T11:09:14Z,117
40.0001730,-79.5864680,301.1,2018-07-27T11:09:16Z,115
40.0002140,-79.5864570,301.0,2018-07-27T11:09:18Z,114
40.0002540,-79.5864520,301.0,2018-07-27T11:09:20Z,114
40.0002830,-79.5864330,301.0,2018-07-27T11:09:22Z,115
40.0003170,-79.5864090,301.1,2018-07-27T11:09:24Z,116
40.0003550,-79.5863920,301.1,2018-07-27T11:09:26Z,117
40.0003810,-79.5863700,301.2,2018-07-27T11:09:28Z,119
40.0004040,-79.5863350,301.1,2018-07-27T11:09:31Z,119
40.0004340,-79.5863150,301.1,2018-07-27T11:09:34Z,117
40.0004740,-79.5863090,301.0,2018-07-27T11:09:36Z,115
40.0005120,-79.5863180,300.9,2018-07-27T11:09:38Z,114
40.0005470,-79.5863320,300.7,2018-07-27T11:09:41Z,111
40.0005830,-79.5863340,300.6,2018-07-27T11:09:45Z,110
40.0006180,-79.5863270,300.6,2018-07-27T11:09:48Z,109
40.0006500,-79.5863140,300.6,2018-07-27T11:09:50Z,108
40.0006740,-79.5862970,300.5,2018-07-27T11:09:52Z,108
40.0007050,-79.5862880,300.5,2018-07-27T11:09:54Z,108
40.0007330,-79.5862780,300.5,2018-07-27T11:09:56Z,109
40.0007620,-79.5862610,300.4,2018-07-27T11:09:58Z,109
40.0007930,-79.5862590,300.4,2018-07-27T11:10:00Z,109
40.0008350,-79.5862660,300.3,2018-07-27T11:10:02Z,108
40.0008810,-79.5862630,300.3,2018-07-27T11:10:04Z,108
40.0009190,-79.5862530,300.3,2018-07-27T11:10:06Z,107
40.0009500,-79.5862420,300.3,2018-07-27T11:10:08Z,107
40.0009850,-79.5862320,300.3,2018-07-27T11:10:10Z,106
40.0010180,-79.5862200,300.3,2018-07-27T11:10:12Z,107
40.0010520,-79.5862070,300.3,2018-07-27T11:10:14Z,108
40.0010900,-79.5862010,300.3,2018-07-27T11:10:16Z,109
40.0011360,-79.5862130,300.3,2018-07-27T11:10:18Z,111
40.0011770,-79.5862070,300.5,2018-07-27T11:10:20Z,111
40.0012160,-79.5861840,300.5,2018-07-27T11:10:22Z,112
40.0012510,-79.5861710,300.5,2018-07-27T11:10:24Z,113
40.0012990,-79.5861460,300.4,2018-07-27T11:10:26Z,115
40.0013380,-79.5861170,300.3,2018-07-27T11:10:28Z,116
40.0013640,-79.5861070,300.3,2018-07-27T11:10:29Z,116
40.0013910,-79.5861040,300.4,2018-07-27T11:10:30Z,117
40.0014440,-79.5861020,300.5,2018-07-27T11:10:32Z,118
40.0014720,-79.5860980,300.6,2018-07-27T11:10:33Z,118
40.0015060,-79.5860850,300.5,2018-07-27T11:10:35Z,119
40.0015440,-79.5860680,300.5,2018-07-27T11:10:38Z,120
40.0015690,-79.5860520,300.5,2018-07-27T11:10:40Z,119
40.0016040,-79.5860290,300.4,2018-07-27T11:10:43Z,117
40.0016450,-79.5860240,300.3,2018-07-27T11:10:45Z,116
40.0016920,-79.5860150,300.4,2018-07-27T11:10:47Z,116
40.0017310,-79.5860040,300.4,2018-07-27T11:10:49Z,117
40.0017700,-79.5859920,300.4,2018-07-27T11:10:51Z,117
40.0018030,-79.5859910,300.4,2018-07-27T11:10:53Z,117
40.0018400,-79.5860340,300.3,2018-07-27T11:10:55Z,118
40.0018510,-79.5860700,300.2,2018-07-27T11:10:56Z,118
40.0018540,-79.5861070,300.1,2018-07-27T11:10:57Z,119
40.0018600,-79.5861620,300.0,2018-07-27T11:10:59Z,119
40.0018700,-79.5862180,299.9,2018-07-27T11:11:01Z,119
40.0018740,-79.5862750,299.7,2018-07-27T11:11:03Z,118
40.0018760,-79.5863280,299.6,2018-07-27T11:11:05Z,117
40.0018740,-79.5863740,299.5,2018-07-27T11:11:07Z,116
40.0018710,-79.5864240,299.4,2018-07-27T11:11:09Z,115
40.0018670,-79.5864750,299.3,2018-07-27T11:11:11Z,115
40.0018690,-79.5865330,299.3,2018-07-27T11:11:13Z,116
40.0018740,-79.5866000,299.1,2018-07-27T11:11:15Z,117
40.0018750,-79.5866660,298.9,2018-07-27T11:11:17Z,118
40.0018840,-79.5867310,298.8,2018-07-27T11:11:19Z,119
40.0018960,-79.5867890,298.6,2018-07-27T11:11:21Z,120
40.0019120,-79.5868380,298.5,2018-07-27T11:11:23Z,121
40.0019170,-79.5868980,298.4,2018-07-27T11:11:25Z,122
40.0018770,-79.5869500,298.3,2018-07-27T11:11:27Z,122
40.0018500,-79.5869680,298.4,2018-07-27T11:11:28Z,123
40.0018240,-79.5869800,298.4,2018-07-27T11:11:29Z,123
40.0017710,-79.5869950,298.5,2018-07-27T11:11:31Z,123
40.0017330,-79.5870000,298.5,2018-07-27T11:11:33Z,122
40.0016960,-79.5870070,298.5,2018-07-27T11:11:35Z,121
40.0016620,-79.5870070,298.4,2018-07-27T11:11:37Z,120
40.0016260,-79.5870030,298.2,2018-07-27T11:11:39Z,119
40.0015930,-79.5870000,298.2,2018-07-27T11:11:41Z,117
40.0015550,-79.5869990,298.1,2018-07-27T11:11:43Z,117
40.0015190,-79.5870090,298.0,2018-07-27T11:11:45Z,116
40.0014820,-79.5870340,297.9,2018-07-27T11:11:47Z,115
40.0014620,-79.5870690,298.0,2018-07-27T11:11:50Z,115
40.0014590,-79.5871110,298.0,2018-07-27T11:11:53Z,116
40.0014260,-79.5871340,298.1,2018-07-27T11:11:56Z,115
40.0013920,-79.5871260,298.1,2018-07-27T11:11:58Z,115
40.0013550,-79.5871190,298.2,2018-07-27T11:12:00Z,113
40.0013280,-79.5871260,298.3,2018-07-27T11:12:02Z,113
40.0013000,-79.5871410,298.3,2018-07-27T11:12:04Z,111
40.0012690,-79.5871590,298.4,2018-07-27T11:12:06Z,111
40.0012280,-79.5871800,298.5,2018-07-27T11:12:08Z,112
40.0011910,-79.5871950,298.5,2018-07-27T11:12:10Z,112
40.0011600,-79.5872000,298.6,2018-07-27T11:12:12Z,112
40.0011180,-79.5872100,298.7,2018-07-27T11:12:14Z,114
40.0010770,-79.5872240,298.8,2018-07-27T11:12:16Z,115
40.0010270,-79.5872340,298.8,2018-07-27T11:12:18Z,115
40.0010000,-79.5872370,298.9,2018-07-27T11:12:19Z,115
40.0009730,-79.5872410,299.0,2018-07-27T11:12:20Z,116
40.0009450,-79.5872500,299.0,2018-07-27T11:12:21Z,116
40.0009180,-79.5872590,299.1,2018-07-27T11:12:22Z,117
40.0008910,-79.5872710,299.1,2018-07-27T11:12:23Z,118
40.0008410,-79.5872910,299.2,2018-07-27T11:12:25Z,119
40.0007910,-79.5873150,299.3,2018-07-27T11:12:27Z,121
40.0007540,-79.5873280,299.4,2018-07-27T11:12:29Z,122
40.0007260,-79.5873240,299.5,2018-07-27T11:12:32Z,122
40.0006930,-79.5873280,299.5,2018-07-27T11:12:34Z,122
40.0006520,-79.5873320,299.5,2018-07-27T11:12:37Z,121
40.0006150,-79.5873380,299.6,2018-07-27T11:12:39Z,121
40.0005740,-79.5873410,299.7,2018-07-27T11:12:41Z,120
40.0005440,-79.5873380,299.7,2018-07-27T11:12:43Z,119
40.0005030,-79.5873370,299.7,2018-07-27T11:12:47Z,118
40.0004670,-79.5873470,299.8,2018-07-27T11:12:49Z,117
40.0004260,-79.5873550,299.8,2018-07-27T11:12:52Z,117
40.0003900,-79.5873550,299.9,2018-07-27T11:12:54Z,117
40.0003570,-79.5873540,299.9,2018-07-27T11:12:56Z,117
40.0003180,-79.5873530,300.0,2018-07-27T11:12:58Z,117
40.0002870,-79.5873480,300.0,2018-07-27T11:13:00Z,117
40.0002580,-79.5873370,300.1,2018-07-27T11:13:03Z,118
40.0002200,-79.5873320,300.1,2018-07-27T11:13:05Z,118
40.0001720,-79.5873270,300.2,2018-07-27T11:13:07Z,119
40.0001250,-79.5873190,300.3,2018-07-27T11:13:09Z,119
40.0000940,-79.5873200,300.4,2018-07-27T11:13:10Z,119
40.0000640,-79.5873240,300.5,2018-07-27T11:13:11Z,120
40.0000370,-79.5873230,300.6,2018-07-27T11:13:12Z,120
39.9999840,-79.5873230,300.7,2018-07-27T11:13:14Z,121
39.9999310,-79.5873160,300.9,2018-07-27T11:13:16Z,122
39.9999050,-79.5873070,301.0,2018-07-27T11:13:17Z,123
39.9998600,-79.5872900,301.0,2018-07-27T11:13:19Z,124
39.9998200,-79.5872940,301.0,2018-07-27T11:13:21Z,126
39.9997630,-79.5873090,301.2,2018-07-27T11:13:23Z,127
39.9997330,-79.5873130,301.3,2018-07-27T11:13:24Z,128
39.9997040,-79.5873160,301.4,2018-07-27T11:13:25Z,129
39.9996680,-79.5873150,301.5,2018-07-27T11:13:27Z,131
39.9996360,-79.5872790,301.7,2018-07-27T11:13:30Z,130
39.9996130,-79.5872410,301.8,2018-07-27T11:13:32Z,129
39.9995820,-79.5872210,302.0,2018-07-27T11:13:35Z,128
39.9995550,-79.5872180,302.1,2018-07-27T11:13:39Z,126
39.9995250,-79.5872110,302.2,2018-07-27T11:13:41Z,125
39.9994980,-79.5872030,302.3,2018-07-27T11:13:43Z,124
39.9994710,-79.5871950,302.3,2018-07-27T11:13:45Z,124
39.9994430,-79.5871810,302.4,2018-07-27T11:13:47Z,124
39.9994070,-79.5871620,302.5,2018-07-27T11:13:49Z,124
39.9993750,-79.5871440,302.6,2018-07-27T11:13:51Z,124
39.9993510,-79.5871200,302.7,2018-07-27T11:13:55Z,124
39.9993230,-79.5870860,302.9,2018-07-27T11:13:58Z,123
39.9993020,-79.5870400,303.1,2018-07-27T11:14:01Z,122
39.9992830,-79.5869990,303.2,2018-07-27T11:14:03Z,122
39.9992770,-79.5869600,303.3,2018-07-27T11:14:05Z,121
39.9992620,-79.5869120,303.3,2018-07-27T11:14:09Z,120
39.9992570,-79.5868690,303.6,2018-07-27T11:14:11Z,120
39.9992550,-79.5868300,303.8,2018-07-27T11:14:13Z,119
39.9992710,-79.5867730,304.1,2018-07-27T11:14:16Z,118
39.9993120,-79.5867400,303.9,2018-07-27T11:14:18Z,118
39.9993540,-79.5867210,303.5,2018-07-27T11:14:20Z,118
39.9993880,-79.5866980,303.4,2018-07-27T11:14:22Z,118
39.9994130,-79.5866600,303.4,2018-07-27T11:14:24Z,118
39.9994490,-79.5866250,303.3,2018-07-27T11:14:26Z,119
39.9994970,-79.5866060,303.1,2018-07-27T11:14:28Z,120
39.9995330,-79.5865850,302.9,2018-07-27T11:14:30Z,120
39.9995720,-79.5865620,302.8,2018-07-27T11:14:32Z,121
39.9996180,-79.5865480,302.7,2018-07-27T11:14:34Z,123
39.9996450,-79.5865410,302.5,2018-07-27T11:14:35Z,123
39.9996930,-79.5865250,302.4,2018-07-27T11:14:37Z,125
39.9997390,-79.5865070,302.4,2018-07-27T11:14:39Z,126
39.9997880,-79.5864840,302.3,2018-07-27T11:14:41Z,127
39.9998160,-79.5864720,302.1,2018-07-27T11:14:42Z,128
39.9998520,-79.5864630,301.9,2018-07-27T11:14:44Z,128
39.9998850,-79.5864650,301.8,2018-07-27T11:14:47Z,128
39.9999120,-79.5864630,301.7,2018-07-27T11:14:49Z,126
39.9999530,-79.5864610,301.6,2018-07-27T11:14:52Z,123
39.9999880,-79.5864370,301.6,2018-07-27T11:14:55Z,121
40.0000110,-79.5864120,301.5,2018-07-27T11:14:57Z,119
40.0000400,-79.5863950,301.4,2018-07-27T11:14:59Z,118
40.0000770,-79.5863850,301.3,2018-07-27T11:15:01Z,116
40.0001100,-79.5863750,301.2,2018-07-27T11:15:03Z,114
40.0001480,-79.5863570,301.1,2018-07-27T11:15:06Z,113
40.0001810,-79.5863460,301.1,2018-07-27T11:15:08Z,112
40.0002170,-79.5863470,301.0,2018-07-27T11:15:10Z,111
40.0002480,-79.5863460,301.0,2018-07-27T11:15:12Z,112
40.0002810,-79.5863390,301.0,2018-07-27T11:15:14Z,112
40.0003150,-79.5863320,301.1,2018-07-27T11:15:16Z,112
40.0003470,-79.5863290,301.1,2018-07-27T11:15:18Z,113
40.0003880,-79.5863250,301.2,2018-07-27T11:15:20Z,113
40.0004330,-79.5863240,301.1,2018-07-27T11:15:22Z,112
40.0004670,-79.5863270,301.0,2018-07-27T11:15:24Z,112
40.0005060,-79.5863380,300.9,2018-07-27T11:15:27Z,109
40.0005340,-79.5863470,300.8,2018-07-27T11:15:31Z,108
40.0005660,-79.5863340,300.7,2018-07-27T11:15:35Z,108
40.0005910,-79.5863170,300.6,2018-07-27T11:15:37Z,107
40.0006250,-79.5862950,300.6,2018-07-27T11:15:40Z,106
40.0006590,-79.5862690,300.5,2018-07-27T11:15:43Z,106
40.0006930,-79.5862560,300.5,2018-07-27T11:15:45Z,106
40.0007290,-79.5862610,300.5,2018-07-27T11:15:47Z,105
40.0007660,-79.5862710,300.4,2018-07-27T11:15:49Z,105
40.0008070,-79.5862590,300.3,2018-07-27T11:15:51Z,106
40.0008540,-79.5862420,300.3,2018-07-27T11:15:53Z,107
40.0008800,-79.5862330,300.3,2018-07-27T11:15:54Z,108
40.0009070,-79.5862220,300.3,2018-07-27T11:15:55Z,110
40.0009330,-79.5862130,300.3,2018-07-27T11:15:56Z,110
40.0009790,-79.5862000,300.3,2018-07-27T11:15:58Z,112
40.0010150,-79.5861880,300.3,2018-07-27T11:16:00Z,115
40.0010580,-79.5861790,300.3,2018-07-27T11:16:02Z,116
40.0011020,-79.5861640,300.3,2018-07-27T11:16:04Z,117
40.0011290,-79.5861540,300.4,2018-07-27T11:16:05Z,117
40.0011560,-79.5861430,300.5,2018-07-27T11:16:06Z,117
40.0011980,-79.5861240,300.5,2018-07-27T11:16:08Z,118
40.0012530,-79.5861110,300.4,2018-07-27T11:16:10Z,118
40.0012890,-79.5861090,300.3,2018-07-27T11:16:11Z,119
40.0013210,-79.5861080,300.3,2018-07-27T11:16:12Z,119
40.0013530,-79.5861110,300.3,2018-07-27T11:16:13Z,120
40.0013860,-79.5861140,300.4,2018-07-27T11:16:14Z,120
40.0014270,-79.5861130,300.5,2018-07-27T11:16:16Z,120
40.0014660,-79.5861040,300.6,2018-07-27T11:16:18Z,121
40.0015040,-79.5861040,300.5,2018-07-27T11:16:20Z,122
40.0015390,-79.5860930,300.5,2018-07-27T11:16:24Z,122
40.0015640,-79.5860640,300.5,2018-07-27T11:16:26Z,121
40.0015950,-79.5860450,300.4,2018-07-27T11:16:28Z,120
40.0016340,-79.5860330,300.3,2018-07-27T11:16:30Z,119
40.0016740,-79.5860230,300.4,2018-07-27T11:16:32Z,118
40.0017120,-79.5860170,300.4,2018-07-27T11:16:34Z,118
40.0017560,-79.5860080,300.4,2018-07-27T11:16:37Z,117
40.0017870,-79.5860080,300.4,2018-07-27T11:16:39Z,117
40.0018200,-79.5860230,300.3,2018-07-27T11:16:41Z,117
40.0018530,-79.5860580,300.1,2018-07-27T11:16:43Z,117
40.0018800,-79.5861080,300.0,2018-07-27T11:16:45Z,116
40.0018880,-79.5861620,299.9,2018-07-27T11:16:47Z,115
40.0018900,-79.5862210,299.7,2018-07-27T11:16:49Z,115
40.0018900,-79.5862780,299.6,2018-07-27T11:16:51Z,114
40.0018850,-79.5863250,299.5,2018-07-27T11:16:53Z,114
40.0018790,-79.5863650,299.5,2018-07-27T11:16:55Z,113
40.0018750,-79.5864030,299.4,2018-07-27T11:16:57Z,113
40.0018690,-79.5864480,299.3,2018-07-27T11:16:59Z,112
40.0018630,-79.5865010,299.2,2018-07-27T11:17:01Z,112
40.0018520,-79.5865600,299.1,2018-07-27T11:17:03Z,113
40.0018440,-79.5866220,298.9,2018-07-27T11:17:05Z,114
40.0018440,-79.5866790,298.7,2018-07-27T11:17:07Z,116
40.0018510,-79.5867300,298.6,2018-07-27T11:17:09Z,117
40.0018710,-79.5867830,298.5,2018-07-27T11:17:11Z,118
40.0018830,-79.5868400,298.4,2018-07-27T11:17:13Z,119
40.0018810,-79.5868920,298.3,2018-07-27T11:17:15Z,120
40.0018550,-79.5869210,298.4,2018-07-27T11:17:17Z,120
40.0018070,-79.5869370,298.4,2018-07-27T11:17:19Z,120
40.0017650,-79.5869510,298.5,2018-07-27T11:17:21Z,120
40.0017220,-79.5869580,298.5,2018-07-27T11:17:23Z,121
40.0016940,-79.5869590,298.4,2018-07-27T11:17:24Z,121
40.0016650,-79.5869620,298.4,2018-07-27T11:17:25Z,122
40.0016230,-79.5869770,298.2,2018-07-27T11:17:27Z,123
40.0015960,-79.5869920,298.2,2018-07-27T11:17:29Z,124
40.0015690,-79.5870060,298.1,2018-07-27T11:17:31Z,124
40.0015390,-79.5870300,298.1,2018-07-27T11:17:33Z,123
40.0014970,-79.5870630,297.9,2018-07-27T11:17:35Z,122
40.0014530,-79.5870850,298.0,2018-07-27T11:17:37Z,121
40.0014260,-79.5870970,298.1,2018-07-27T11:17:39Z,120
40.0013990,-79.5870980,298.1,2018-07-27T11:17:42Z,119
40.0013730,-79.5871230,298.2,2018-07-27T11:17:47Z,118
40.0013460,-79.5871420,298.2,2018-07-27T11:17:50Z,116
40.0013120,-79.5871520,298.3,2018-07-27T11:17:52Z,116
40.0012740,-79.5871650,298.4,2018-07-27T11:17:54Z,115
40.0012360,-79.5871780,298.4,2018-07-27T11:17:56Z,115
40.0012000,-79.5871880,298.5,2018-07-27T11:17:58Z,114
40.0011640,-79.5872010,298.6,2018-07-27T11:18:01Z,114
40.0011250,-79.5872160,298.7,2018-07-27T11:18:04Z,113
40.0010830,-79.5872270,298.7,2018-07-27T11:18:06Z,113
40.0010320,-79.5872340,298.8,2018-07-27T11:18:08Z,112
40.0009920,-79.5872360,298.9,2018-07-27T11:18:10Z,112
40.0009530,-79.5872460,299.0,2018-07-27T11:18:12Z,112
40.0009100,-79.5872650,299.1,2018-07-27T11:18:14Z,113
40.0008670,-79.5872750,299.2,2018-07-27T11:18:16Z,115
40.0008180,-79.5872870,299.3,2018-07-27T11:18:18Z,116
40.0007910,-79.5872970,299.3,2018-07-27T11:18:19Z,117
40.0007600,-79.5873070,299.4,2018-07-27T11:18:20Z,118
40.0007290,-79.5873140,299.4,2018-07-27T11:18:21Z,119
40.0007000,-79.5873190,299.5,2018-07-27T11:18:22Z,120
40.0006500,-79.5873190,299.5,2018-07-27T11:18:24Z,122
40.0006070,-79.5873210,299.6,2018-07-27T11:18:26Z,124
40.0005620,-79.5873280,299.7,2018-07-27T11:18:28Z,125
40.0005150,-79.5873370,299.7,2018-07-27T11:18:30Z,127
40.0004620,-79.5873520,299.8,2018-07-27T11:18:32Z,129
40.0004100,-79.5873630,299.9,2018-07-27T11:18:34Z,130
40.0003650,-79.5873620,299.9,2018-07-27T11:18:36Z,131
40.0003300,-79.5873590,300.0,2018-07-27T11:18:38Z,132
40.0002930,-79.5873530,300.0,2018-07-27T11:18:41Z,133
40.0002590,-79.5873490,300.1,2018-07-27T11:18:43Z,133
40.0002210,-79.5873460,300.1,2018-07-27T11:18:45Z,133
40.0001830,-79.5873430,300.2,2018-07-27T11:18:47Z,133
40.0001460,-79.5873320,300.3,2018-07-27T11:18:49Z,132
40.0001080,-79.5873180,300.4,2018-07-27T11:18:51Z,132
40.0000770,-79.5873120,300.5,2018-07-27T11:18:53Z,130
40.0000450,-79.5873040,300.5,2018-07-27T11:18:56Z,127
40.0000170,-79.5872930,300.6,2018-07-27T11:19:01Z,124
39.9999880,-79.5872940,300.7,2018-07-27T11:19:04Z,123
39.9999550,-79.5873020,300.8,2018-07-27T11:19:06Z,123
39.9999160,-79.5873090,300.9,2018-07-27T11:19:08Z,122
39.9998800,-79.5873100,301.0,2018-07-27T11:19:10Z,122
39.9998520,-79.5873120,301.0,2018-07-27T11:19:12Z,123
39.9998110,-79.5873040,301.1,2018-07-27T11:19:15Z,123
39.9997740,-79.5873020,301.2,2018-07-27T11:19:17Z,123
39.9997310,-79.5872920,301.3,2018-07-27T11:19:19Z,122
39.9997030,-79.5872850,301.4,2018-07-27T11:19:21Z,122
39.9996750,-79.5872730,301.5,2018-07-27T11:19:24Z,123
39.9996410,-79.5872510,301.6,2018-07-27T11:19:28Z,123
39.9996070,-79.5872390,301.7,2018-07-27T11:19:30Z,122
39.9995750,-79.5872300,301.9,2018-07-27T11:19:32Z,121
39.9995340,-79.5872170,302.1,2018-07-27T11:19:35Z,120
39.9994970,-79.5871980,302.2,2018-07-27T11:19:37Z,119
39.9994650,-79.5871830,302.3,2018-07-27T11:19:39Z,119
39.9994390,-79.5871670,302.4,2018-07-27T11:19:42Z,118
39.9994100,-79.5871590,302.4,2018-07-27T11:19:46Z,116
39.9993770,-79.5871390,302.5,2018-07-27T11:19:48Z,116
39.9993520,-79.5871120,302.7,2018-07-27T11:19:50Z,115
39.9993290,-79.5870780,302.8,2018-07-27T11:19:52Z,116
39.9993050,-79.5870420,302.9,2018-07-27T11:19:54Z,117
39.9992920,-79.5870020,303.1,2018-07-27T11:19:56Z,117
39.9992840,-79.5869560,303.2,2018-07-27T11:19:59Z,118
39.9992730,-79.5869020,303.3,2018-07-27T11:20:02Z,119
39.9992680,-79.5868510,303.4,2018-07-27T11:20:04Z,119
39.9992640,-79.5867960,303.7,2018-07-27T11:20:06Z,119
39.9992650,-79.5867520,303.9,2018-07-27T11:20:08Z,120
39.9992820,-79.5866990,304.0,2018-07-27T11:20:10Z,121
39.9993040,-79.5866690,303.8,2018-07-27T11:20:11Z,122
39.9993250,-79.5866440,303.6,2018-07-27T11:20:12Z,122
39.9993620,-79.5866190,303.4,2018-07-27T11:20:14Z,123
39.9993930,-79.5866110,303.4,2018-07-27T11:20:16Z,124
39.9994270,-79.5866050,303.3,2018-07-27T11:20:18Z,124
39.9994610,-79.5865900,303.2,2018-07-27T11:20:20Z,123
39.9995010,-79.5865790,303.0,2018-07-27T11:20:22Z,120
39.9995410,-79.5865690,302.9,2018-07-27T11:20:24Z,118
39.9995770,-79.5865590,302.8,2018-07-27T11:20:26Z,116
39.9996090,-79.5865520,302.7,2018-07-27T11:20:28Z,115
39.9996410,-79.5865490,302.6,2018-07-27T11:20:30Z,115
39.9996700,-79.5865450,302.5,2018-07-27T11:20:32Z,115
39.9996970,-79.5865460,302.4,2018-07-27T11:20:34Z,116
39.9997290,-79.5865540,302.4,2018-07-27T11:20:37Z,115
39.9997580,-79.5865530,302.4,2018-07-27T11:20:40Z,113
39.9997860,-79.5865360,302.4,2018-07-27T11:20:42Z,113
39.9998350,-79.5865110,302.1,2018-07-27T11:20:44Z,113
39.9998770,-79.5864770,301.8,2018-07-27T11:20:46Z,114
39.9999240,-79.5864510,301.7,2018-07-27T11:20:48Z,115
39.9999710,-79.5864350,301.6,2018-07-27T11:20:50Z,116
40.0000170,-79.5864120,301.5,2018-07-27T11:20:52Z,118
40.0000540,-79.5863980,301.4,2018-07-27T11:20:54Z,119
40.0000950,-79.5863920,301.3,2018-07-27T11:20:56Z,119
40.0001290,-79.5863940,301.2,2018-07-27T11:20:58Z,118
40.0001600,-79.5863990,301.1,2018-07-27T11:21:00Z,117
40.0001860,-79.5864050,301.1,2018-07-27T11:21:02Z,116
40.0002180,-79.5864090,301.0,2018-07-27T11:21:05Z,115
40.0002480,-79.5863910,301.0,2018-07-27T11:21:09Z,114
40.0002860,-79.5863780,301.0,2018-07-27T11:21:13Z,113
40.0003140,-79.5863650,301.1,2018-07-27T11:21:15Z,112
40.0003420,-79.5863510,301.1,2018-07-27T11:21:17Z,112
40.0003740,-79.5863340,301.2,2018-07-27T11:21:19Z,111
40.0004030,-79.5863280,301.1,2018-07-27T11:21:21Z,110
40.0004400,-79.5863260,301.1,2018-07-27T11:21:23Z,110
40.0004830,-79.5863190,301.0,2018-07-27T11:21:25Z,109
40.0005160,-79.5863140,300.9,2018-07-27T11:21:27Z,109
40.0005460,-79.5863060,300.8,2018-07-27T11:21:29Z,108
40.0005820,-79.5862850,300.7,2018-07-27T11:21:32Z,108
40.0006130,-79.5862810,300.6,2018-07-27T11:21:34Z,107
40.0006610,-79.5862790,300.6,2018-07-27T11:21:36Z,107
40.0007110,-79.5862680,300.5,2018-07-27T11:21:38Z,108
40.0007490,-79.5862460,300.4,2018-07-27T11:21:40Z,110
40.0007920,-79.5862210,300.4,2018-07-27T11:21:42Z,112
40.0008200,-79.5862190,300.3,2018-07-27T11:21:43Z,113
40.0008500,-79.5862220,300.3,2018-07-27T11:21:44Z,114
40.0008990,-79.5862180,300.3,2018-07-27T11:21:46Z,116
40.0009260,-79.5862110,300.3,2018-07-27T11:21:47Z,118
40.0009740,-79.5862030,300.3,2018-07-27T11:21:49Z,119
40.0010240,-79.5861810,300.3,2018-07-27T11:21:51Z,121
40.0010490,-79.5861650,300.3,2018-07-27T11:21:52Z,122
40.0011010,-79.5861390,300.3,2018-07-27T11:21:54Z,123
40.0011500,-79.5861240,300.4,2018-07-27T11:21:56Z,124
40.0011760,-79.5861160,300.5,2018-07-27T11:21:57Z,124
40.0012040,-79.5861090,300.6,2018-07-27T11:21:58Z,124
40.0012320,-79.5861010,300.5,2018-07-27T11:21:59Z,124
40.0012740,-79.5860850,300.4,2018-07-27T11:22:01Z,125
40.0013130,-79.5860650,300.3,2018-07-27T11:22:03Z,125
40.0013560,-79.5860440,300.3,2018-07-27T11:22:05Z,126
40.0014100,-79.5860320,300.4,2018-07-27T11:22:07Z,127
40.0014430,-79.5860300,300.5,2018-07-27T11:22:08Z,128
40.0014720,-79.5860320,300.6,2018-07-27T11:22:09Z,128
40.0015170,-79.5860430,300.5,2018-07-27T11:22:11Z,129
40.0015510,-79.5860600,300.5,2018-07-27T11:22:13Z,130
40.0015830,-79.5860790,300.4,2018-07-27T11:22:15Z,129
40.0016240,-79.5860750,300.3,2018-07-27T11:22:18Z,128
40.0016640,-79.5860690,300.4,2018-07-27T11:22:20Z,128
40.0017020,-79.5860750,300.4,2018-07-27T11:22:22Z,127
40.0017290,-79.5860840,300.4,2018-07-27T11:22:24Z,126
40.0017640,-79.5860840,300.4,2018-07-27T11:22:27Z,126
40.0017960,-79.5860850,300.4,2018-07-27T11:22:29Z,125
40.0018270,-79.5860890,300.4,2018-07-27T11:22:31Z,125
40.0018570,-79.5861120,300.3,2018-07-27T11:22:33Z,124
40.0018770,-79.5861480,300.1,2018-07-27T11:22:35Z,124
40.0018830,-79.5861870,300.0,2018-07-27T11:22:37Z,124
40.0018820,-79.5862350,299.9,2018-07-27T11:22:39Z,123
40.0018800,-79.5862830,299.8,2018-07-27T11:22:41Z,122
40.0018870,-79.5863240,299.7,2018-07-27T11:22:43Z,121
40.0018920,-79.5863610,299.6,2018-07-27T11:22:45Z,120
40.0018870,-79.5864120,299.5,2018-07-27T11:22:48Z,118
40.0018880,-79.5864490,299.5,2018-07-27T11:22:50Z,117
40.0018910,-79.5864850,299.4,2018-07-27T11:22:52Z,116
40.0018900,-79.5865220,299.3,2018-07-27T11:22:54Z,115
40.0018960,-79.5865570,299.3,2018-07-27T11:22:56Z,115
40.0018990,-79.5865930,299.2,2018-07-27T11:22:58Z,115
40.0018970,-79.5866420,299.1,2018-07-27T11:23:01Z,115
40.0018930,-79.5866800,299.0,2018-07-27T11:23:03Z,114
40.0018900,-79.5867240,298.8,2018-07-27T11:23:05Z,114
40.0018930,-79.5867710,298.7,2018-07-27T11:23:07Z,112
40.0019030,-79.5868200,298.6,2018-07-27T11:23:09Z,112
40.0019170,-79.5868710,298.5,2018-07-27T11:23:11Z,112
40.0019280,-79.5869080,298.4,2018-07-27T11:23:13Z,113
40.0019110,-79.5869580,298.3,2018-07-27T11:23:16Z,112
40.0018750,-79.5869750,298.3,2018-07-27T11:23:18Z,111
40.0018450,-79.5869780,298.4,2018-07-27T11:23:20Z,109
40.0018150,-79.5869730,298.4,2018-07-27T11:23:22Z,108
40.0017830,-79.5869640,298.5,2018-07-27T11:23:24Z,107
40.0017560,-79.5869650,298.5,2018-07-27T11:23:26Z,107
40.0017170,-79.5869740,298.5,2018-07-27T11:23:29Z,106
40.0016850,-79.5869860,298.4,2018-07-27T11:23:32Z,106
40.0016600,-79.5870040,298.3,2018-07-27T11:23:34Z,106
40.0016230,-79.5870210,298.2,2018-07-27T11:23:37Z,106
40.0015830,-79.5870320,298.2,2018-07-27T11:23:39Z,106
40.0015490,-79.5870400,298.1,2018-07-27T11:23:41Z,107
40.0015100,-79.5870540,297.9,2018-07-27T11:23:43Z,108
40.0014690,-79.5870720,298.0,2018-07-27T11:23:45Z,108
40.0014400,-79.5870890,298.0,2018-07-27T11:23:47Z,108
40.0014060,-79.5871110,298.1,2018-07-27T11:23:50Z,108
40.0013660,-79.5871270,298.2,2018-07-27T11:23:52Z,108
40.0013320,-79.5871300,298.3,2018-07-27T11:23:54Z,108
40.0012960,-79.5871320,298.3,2018-07-27T11:23:56Z,108
40.0012680,-79.5871410,298.4,2018-07-27T11:23:58Z,109
40.0012390,-79.5871550,298.4,2018-07-27T11:24:00Z,109
40.0012030,-79.5871810,298.5,2018-07-27T11:24:03Z,108
40.0011720,-79.5871850,298.6,2018-07-27T11:24:05Z,108
40.0011210,-79.5871990,298.7,2018-07-27T11:24:07Z,108
40.0010930,-79.5872110,298.7,2018-07-27T11:24:08Z,109
40.0010630,-79.5872150,298.8,2018-07-27T11:24:09Z,110
40.0010340,-79.5872180,298.8,2018-07-27T11:24:10Z,111
40.0009840,-79.5872260,298.9,2018-07-27T11:24:12Z,112
40.0009580,-79.5872350,299.0,2018-07-27T11:24:13Z,113
40.0009310,-79.5872450,299.0,2018-07-27T11:24:14Z,115
40.0008850,-79.5872620,299.1,2018-07-27T11:24:16Z,117
40.0008390,-79.5872790,299.2,2018-07-27T11:24:18Z,121
40.0007860,-79.5873010,299.3,2018-07-27T11:24:20Z,123
40.0007540,-79.5873110,299.4,2018-07-27T11:24:21Z,124
40.0007240,-79.5873210,299.4,2018-07-27T11:24:22Z,125
40.0006950,-79.5873330,299.5,2018-07-27T11:24:23Z,126
40.0006670,-79.5873430,299.5,2018-07-27T11:24:24Z,127
40.0006390,-79.5873530,299.6,2018-07-27T11:24:25Z,129
40.0006090,-79.5873610,299.6,2018-07-27T11:24:26Z,129
40.0005800,-79.5873650,299.6,2018-07-27T11:24:27Z,130
40.0005530,-79.5873670,299.7,2018-07-27T11:24:28Z,131
40.0005020,-79.5873650,299.7,2018-07-27T11:24:30Z,132
40.0004520,-79.5873740,299.8,2018-07-27T11:24:32Z,133
40.0004070,-79.5873850,299.9,2018-07-27T11:24:34Z,134
40.0003650,-79.5873870,299.9,2018-07-27T11:24:36Z,135
40.0003350,-79.5873820,300.0,2018-07-27T11:24:38Z,135
40.0002970,-79.5873760,300.0,2018-07-27T11:24:40Z,135
40.0002570,-79.5873660,300.1,2018-07-27T11:24:42Z,133
40.0002190,-79.5873550,300.1,2018-07-27T11:24:44Z,132
40.0001910,-79.5873380,300.2,2018-07-27T11:24:47Z,131
40.0001560,-79.5873320,300.3,2018-07-27T11:24:50Z,128
40.0001170,-79.5873330,300.4,2018-07-27T11:24:53Z,127
40.0000860,-79.5873330,300.4,2018-07-27T11:24:55Z,126
40.0000430,-79.5873300,300.5,2018-07-27T11:24:58Z,126
40.0000030,-79.5873220,300.7,2018-07-27T11:25:00Z,126
39.9999630,-79.5873180,300.8,2018-07-27T11:25:02Z,126
39.9999310,-79.5873080,300.9,2018-07-27T11:25:05Z,126
39.9998930,-79.5873060,301.0,2018-07-27T11:25:09Z,127
39.9998620,-79.5873020,301.0,2018-07-27T11:25:11Z,127
39.9998280,-79.5872990,301.0,2018-07-27T11:25:13Z,127
39.9997960,-79.5872980,301.1,2018-07-27T11:25:15Z,126
39.9997630,-79.5873030,301.2,2018-07-27T11:25:17Z,126
39.9997240,-79.5872990,301.3,2018-07-27T11:25:19Z,125
39.9996810,-79.5872860,301.5,2018-07-27T11:25:21Z,125
39.9996530,-79.5872690,301.6,2018-07-27T11:25:24Z,124
39.9996170,-79.5872420,301.7,2018-07-27T11:25:28Z,123
39.9995860,-79.5872310,301.9,2018-07-27T11:25:30Z,123
39.9995560,-79.5872200,302.0,2018-07-27T11:25:32Z,121
39.9995150,-79.5872000,302.1,2018-07-27T11:25:34Z,121
39.9994780,-79.5871830,302.3,2018-07-27T11:25:36Z,120
39.9994480,-79.5871570,302.4,2018-07-27T11:25:39Z,120
39.9994160,-79.5871400,302.4,2018-07-27T11:25:43Z,119
39.9993900,-79.5871250,302.5,2018-07-27T11:25:45Z,119
39.9993650,-79.5871090,302.6,2018-07-27T11:25:47Z,119
39.9993360,-79.5870870,302.7,2018-07-27T11:25:49Z,119
39.9993130,-79.5870610,302.9,2018-07-27T11:25:51Z,119
39.9993070,-79.5870260,303.0,2018-07-27T11:25:54Z,118
39.9992930,-79.5869810,303.2,2018-07-27T11:25:57Z,118
39.9992780,-79.5869490,303.3,2018-07-27T11:25:59Z,118
39.9992700,-79.5868980,303.3,2018-07-27T11:26:01Z,118
39.9992700,-79.5868600,303.4,2018-07-27T11:26:03Z,119
39.9992760,-79.5868210,303.6,2018-07-27T11:26:06Z,118
39.9992880,-79.5867830,303.9,2018-07-27T11:26:09Z,118
39.9993100,-79.5867510,304.0,2018-07-27T11:26:11Z,118
39.9993470,-79.5867270,303.9,2018-07-27T11:26:13Z,118
39.9993850,-79.5867000,303.6,2018-07-27T11:26:15Z,118
39.9994140,-79.5866610,303.4,2018-07-27T11:26:17Z,119
39.9994550,-79.5866270,303.4,2018-07-27T11:26:19Z,119
39.9994790,-79.5866110,303.3,2018-07-27T11:26:20Z,120
39.9995280,-79.5865930,303.1,2018-07-27T11:26:22Z,120
39.9995770,-79.5865820,302.9,2018-07-27T11:26:24Z,122
39.9996260,-79.5865680,302.8,2018-07-27T11:26:26Z,123
39.9996710,-79.5865490,302.6,2018-07-27T11:26:28Z,124
39.9997160,-79.5865270,302.4,2018-07-27T11:26:30Z,125
39.9997420,-79.5865160,302.4,2018-07-27T11:26:31Z,125
39.9997680,-79.5865020,302.4,2018-07-27T11:26:32Z,125
39.9998150,-79.5864780,302.4,2018-07-27T11:26:34Z,126
39.9998520,-79.5864650,302.2,2018-07-27T11:26:36Z,128
39.9998840,-79.5864540,302.0,2018-07-27T11:26:39Z,128
39.9999140,-79.5864450,301.8,2018-07-27T11:26:41Z,127
39.9999480,-79.5864380,301.8,2018-07-27T11:26:43Z,126
39.9999800,-79.5864270,301.7,2018-07-27T11:26:45Z,125
40.0000150,-79.5864220,301.6,2018-07-27T11:26:47Z,125
40.0000530,-79.5864250,301.5,2018-07-27T11:26:49Z,124
40.0000960,-79.5864330,301.4,2018-07-27T11:26:51Z,122
40.0001350,-79.5864400,301.3,2018-07-27T11:26:53Z,121
40.0001730,-79.5864410,301.2,2018-07-27T11:26:55Z,120
40.0002130,-79.5864350,301.1,2018-07-27T11:26:57Z,119
40.0002440,-79.5864260,301.0,2018-07-27T11:26:59Z,118
40.0002730,-79.5864140,301.0,2018-07-27T11:27:01Z,117
40.0003020,-79.5864030,301.0,2018-07-27T11:27:03Z,116
40.0003280,-79.5863930,301.0,2018-07-27T11:27:05Z,116
40.0003540,-79.5863850,301.0,2018-07-27T11:27:07Z,116
40.0003850,-79.5863830,301.1,2018-07-27T11:27:12Z,114
40.0004180,-79.5863710,301.2,2018-07-27T11:27:16Z,112
40.0004560,-79.5863550,301.1,2018-07-27T11:27:19Z,111
40.0004900,-79.5863400,301.1,2018-07-27T11:27:21Z,111
40.0005320,-79.5863410,301.0,2018-07-27T11:27:23Z,112
40.0005730,-79.5863440,300.8,2018-07-27T11:27:25Z,113
40.0006150,-79.5863250,300.7,2018-07-27T11:27:28Z,112
40.0006460,-79.5863150,300.6,2018-07-27T11:27:30Z,111
40.0006770,-79.5863100,300.6,2018-07-27T11:27:32Z,110
40.0007170,-79.5862980,300.6,2018-07-27T11:27:35Z,109
40.0007550,-79.5862930,300.5,2018-07-27T11:27:37Z,108
40.0007850,-79.5862840,300.5,2018-07-27T11:27:39Z,107
40.0008240,-79.5862690,300.4,2018-07-27T11:27:42Z,107
40.0008610,-79.5862600,300.3,2018-07-27T11:27:44Z,107
40.0009050,-79.5862550,300.3,2018-07-27T11:27:46Z,107
40.0009490,-79.5862470,300.3,2018-07-27T11:27:48Z,107
40.0009910,-79.5862410,300.3,2018-07-27T11:27:50Z,106
40.0010290,-79.5862310,300.3,2018-07-27T11:27:52Z,106
40.0010590,-79.5862180,300.3,2018-07-27T11:27:55Z,106
40.0010880,-79.5862270,300.3,2018-07-27T11:28:00Z,107
40.0011140,-79.5862170,300.3,2018-07-27T11:28:03Z,107
40.0011560,-79.5862040,300.3,2018-07-27T11:28:06Z,109
40.0011890,-79.5861980,300.4,2018-07-27T11:28:08Z,110
40.0012370,-79.5861830,300.5,2018-07-27T11:28:10Z,110
40.0012850,-79.5861610,300.5,2018-07-27T11:28:12Z,111
40.0013360,-79.5861430,300.4,2018-07-27T11:28:14Z,112
40.0013790,-79.5861300,300.3,2018-07-27T11:28:16Z,115
40.0014200,-79.5860950,300.3,2018-07-27T11:28:18Z,117
40.0014670,-79.5860620,300.5,2018-07-27T11:28:20Z,119
40.0014950,-79.5860540,300.5,2018-07-27T11:28:21Z,119
40.0015230,-79.5860490,300.5,2018-07-27T11:28:22Z,121
40.0015680,-79.5860510,300.5,2018-07-27T11:28:24Z,122
40.0016080,-79.5860380,300.5,2018-07-27T11:28:26Z,123
40.0016460,-79.5860080,300.4,2018-07-27T11:28:28Z,125
40.0016890,-79.5859740,300.4,2018-07-27T11:28:30Z,126
40.0017400,-79.5859540,300.4,2018-07-27T11:28:32Z,127
40.0017730,-79.5859720,300.4,2018-07-27T11:28:34Z,128
40.0017910,-79.5860130,300.4,2018-07-27T11:28:36Z,128
40.0017980,-79.5860560,300.4,2018-07-27T11:28:38Z,128
40.0017970,-79.5860930,300.3,2018-07-27T11:28:40Z,126
40.0017880,-79.5861320,300.2,2018-07-27T11:28:42Z,125
40.0017790,-79.5861680,300.0,2018-07-27T11:28:44Z,122
40.0017820,-79.5862070,300.0,2018-07-27T11:28:46Z,121
40.0017920,-79.5862470,299.9,2018-07-27T11:28:48Z,121
40.0018070,-79.5862940,299.8,2018-07-27T11:28:50Z,121
40.0018220,-79.5863300,299.7,2018-07-27T11:28:52Z,121
40.0018430,-79.5863810,299.6,2018-07-27T11:28:54Z,120
40.0018530,-79.5864280,299.5,2018-07-27T11:28:56Z,120
40.0018560,-79.5864770,299.4,2018-07-27T11:28:58Z,119
40.0018540,-79.5865170,299.3,2018-07-27T11:29:00Z,118
40.0018550,-79.5865580,299.3,2018-07-27T11:29:02Z,117
40.0018630,-79.5866090,299.2,2018-07-27T11:29:04Z,117
40.0018770,-79.5866450,299.0,2018-07-27T11:29:06Z,116
40.0018800,-79.5866890,298.9,2018-07-27T11:29:08Z,115
40.0018760,-79.5867300,298.8,2018-07-27T11:29:10Z,114
40.0018780,-79.5867670,298.7,2018-07-27T11:29:12Z,113
40.0018790,-79.5868180,298.6,2018-07-27T11:29:15Z,111
40.0018920,-79.5868680,298.5,2018-07-27T11:29:17Z,109
40.0019150,-79.5869150,298.4,2018-07-27T11:29:19Z,109
40.0019280,-79.5869480,298.3,2018-07-27T11:29:23Z,107
40.0019470,-79.5869770,298.7,2018-07-27T11:29:27Z,106
40.0019750,-79.5869880,299.0,2018-07-27T11:29:30Z,106
40.0020040,-79.5869830,299.0,2018-07-27T11:29:32Z,107
40.0020340,-79.5869760,299.0,2018-07-27T11:29:34Z,106
40.0020650,-79.5869730,299.0,2018-07-27T11:29:37Z,105
40.0021050,-79.5869750,299.0,2018-07-27T11:29:41Z,105
40.0021400,-79.5869620,299.0,2018-07-27T11:29:44Z,104
40.0021730,-79.5869500,299.0,2018-07-27T11:29:47Z,104
40.0022040,-79.5869540,299.0,2018-07-27T11:29:49Z,104
40.0022310,-79.5869640,299.0,2018-07-27T11:29:52Z,104
40.0022580,-79.5869800,299.0,2018-07-27T11:29:54Z,104
40.0022850,-79.5870210,299.0,2018-07-27T11:29:56Z,103
40.0023030,-79.5870650,299.0,2018-07-27T11:29:58Z,103
40.0023060,-79.5871170,299.0,2018-07-27T11:30:01Z,103
40.0023110,-79.5871530,299.0,2018-07-27T11:30:03Z,103
40.0023180,-79.5871970,298.8,2018-07-27T11:30:05Z,103
40.0023330,-79.5872420,298.7,2018-07-27T11:30:07Z,103
40.0023470,-79.5872820,298.5,2018-07-27T11:30:10Z,102
40.0023610,-79.5873200,298.4,2018-07-27T11:30:14Z,101
40.0023750,-79.5873650,298.3,2018-07-27T11:30:16Z,101
40.0023840,-79.5874030,298.1,2018-07-27T11:30:18Z,101
40.0024120,-79.5874340,298.0,2018-07-27T11:30:21Z,99
40.0024310,-79.5874610,297.9,2018-07-27T11:30:23Z,98
40.0024380,-79.5874980,297.7,2018-07-27T11:30:25Z,97
40.0024330,-79.5875430,297.6,2018-07-27T11:30:28Z,97
40.0024520,-79.5875890,297.4,2018-07-27T11:30:32Z,97
40.0024770,-79.5876180,297.3,2018-07-27T11:30:34Z,98
40.0024980,-79.5876580,296.8,2018-07-27T11:30:36Z,98
40.0025220,-79.5876830,296.7,2018-07-27T11:30:38Z,99
40.0025610,-79.5876990,296.6,2018-07-27T11:30:41Z,100
40.0025980,-79.5877020,296.5,2018-07-27T11:30:43Z,99
40.0026300,-79.5877050,296.4,2018-07-27T11:30:46Z,98
40.0026600,-79.5876910,296.3,2018-07-27T11:30:52Z,96
40.0026900,-79.5876800,296.2,2018-07-27T11:30:54Z,96
40.0027260,-79.5876700,296.1,2018-07-27T11:30:57Z,96
40.0027620,-79.5876740,296.0,2018-07-27T11:30:59Z,96
40.0027980,-79.5876720,295.9,2018-07-27T11:31:01Z,96
40.0028280,-79.5876710,295.8,2018-07-27T11:31:03Z,96
40.0028600,-79.5876740,295.7,2018-07-27T11:31:08Z,96
40.0028980,-79.5876620,295.6,2018-07-27T11:31:11Z,95
40.0029360,-79.5876520,295.5,2018-07-27T11:31:13Z,96
40.0029730,-79.5876510,295.3,2018-07-27T11:31:15Z,96
40.0030140,-79.5876490,295.2,2018-07-27T11:31:18Z,97
40.0030460,-79.5876540,295.1,2018-07-27T11:31:20Z,97
40.0030850,-79.5876620,295.0,2018-07-27T11:31:22Z,96
40.0031150,-79.5876660,294.7,2018-07-27T11:31:25Z,96
40.0031450,-79.5876620,294.3,2018-07-27T11:31:29Z,97
40.0031750,-79.5876550,294.0,2018-07-27T11:31:31Z,97
40.0032150,-79.5876510,293.4,2018-07-27T11:31:34Z,96
40.0032530,-79.5876470,292.7,2018-07-27T11:31:37Z,96
40.0032940,-79.5876540,292.1,2018-07-27T11:31:39Z,95
40.0033300,-79.5876610,291.6,2018-07-27T11:31:41Z,94
40.0033590,-79.5876660,291.3,2018-07-27T11:31:43Z,94
40.0033860,-79.5876800,291.1,2018-07-27T11:31:46Z,93
40.0034150,-79.5876870,291.0,2018-07-27T11:31:50Z,93
40.0034400,-79.5876700,290.9,2018-07-27T11:31:52Z,93
40.0034720,-79.5876430,290.7,2018-07-27T11:31:54Z,93
40.0035000,-79.5876330,290.6,2018-07-27T11:31:57Z,92
40.0035290,-79.5876410,290.5,2018-07-27T11:31:59Z,92
40.0035620,-79.5876490,290.3,2018-07-27T11:32:01Z,92
40.0036010,-79.5876490,290.2,2018-07-27T11:32:03Z,92
40.0036350,-79.5876580,290.1,2018-07-27T11:32:06Z,92
40.0036630,-79.5876720,290.1,2018-07-27T11:32:11Z,91
40.0036930,-79.5876450,290.0,2018-07-27T11:32:14Z,91
40.0037280,-79.5876380,289.9,2018-07-27T11:32:16Z,91
40.0037560,-79.5876420,289.8,2018-07-27T11:32:18Z,92
40.0037980,-79.5876500,289.7,2018-07-27T11:32:21Z,92
40.0038300,-79.5876490,289.7,2018-07-27T11:32:23Z,93
40.0038640,-79.5876580,289.6,2018-07-27T11:32:25Z,93
40.0038970,-79.5876610,289.5,2018-07-27T11:32:27Z,95
40.0039240,-79.5876570,289.5,2018-07-27T11:32:30Z,96
40.0039560,-79.5876530,289.4,2018-07-27T11:32:34Z,94
40.0039910,-79.5876490,289.4,2018-07-27T11:32:36Z,93
40.0040340,-79.5876460,289.3,2018-07-27T11:32:38Z,91
40.0040640,-79.5876390,289.3,2018-07-27T11:32:40Z,91
40.0040980,-79.5876320,289.2,2018-07-27T11:32:42Z,90
40.0041320,-79.5876320,289.1,2018-07-27T11:32:44Z,90
40.0041750,-79.5876420,289.1,2018-07-27T11:32:46Z,89
40.0042160,-79.5876540,289.0,2018-07-27T11:32:48Z,89
40.0042600,-79.5876630,289.0,2018-07-27T11:32:50Z,90
40.0042980,-79.5876700,288.9,2018-07-27T11:32:52Z,90
40.0043300,-79.5876770,288.8,2018-07-27T11:32:56Z,91
40.0043620,-79.5876690,288.8,2018-07-27T11:33:00Z,92
40.0043950,-79.5876640,288.7,2018-07-27T11:33:02Z,92
40.0044240,-79.5876500,288.7,2018-07-27T11:33:04Z,92
40.0044510,-79.5876370,288.7,2018-07-27T11:33:06Z,93
40.0044810,-79.5876330,288.6,2018-07-27T11:33:08Z,93
40.0045080,-79.5876280,288.6,2018-07-27T11:33:10Z,92
40.0045370,-79.5876230,288.5,2018-07-27T11:33:12Z,92
40.0045750,-79.5876350,288.5,2018-07-27T11:33:14Z,91
40.0046140,-79.5876400,288.4,2018-07-27T11:33:16Z,91
40.0046560,-79.5876430,288.3,2018-07-27T11:33:18Z,91
40.0046890,-79.5876510,288.3,2018-07-27T11:33:20Z,91
40.0047180,-79.5876500,288.2,2018-07-27T11:33:24Z,92
40.0047490,-79.5876410,288.2,2018-07-27T11:33:27Z,92
40.0047860,-79.5876520,288.1,2018-07-27T11:33:29Z,93
40.0048190,-79.5876640,288.1,2018-07-27T11:33:31Z,93
40.0048460,-79.5876680,288.0,2018-07-27T11:33:33Z,93
40.0048740,-79.5876610,288.0,2018-07-27T11:33:35Z,93
40.0049080,-79.5876500,288.2,2018-07-27T11:33:37Z,93
40.0049390,-79.5876510,288.4,2018-07-27T11:33:39Z,93
40.0049710,-79.5876510,288.5,2018-07-27T11:33:43Z,93
40.0050010,-79.5876370,288.7,2018-07-27T11:33:45Z,94
40.0050360,-79.5876330,288.8,2018-07-27T11:33:47Z,95
40.0050690,-79.5876350,289.0,2018-07-27T11:33:50Z,96
40.0051000,-79.5876220,289.1,2018-07-27T11:33:52Z,97
40.0051400,-79.5876090,289.4,2018-07-27T11:33:54Z,98
40.0051700,-79.5876020,289.6,2018-07-27T11:33:56Z,98
40.0051980,-79.5876100,289.8,2018-07-27T11:33:59Z,99
40.0052360,-79.5876120,290.0,2018-07-27T11:34:02Z,100
40.0052630,-79.5876200,290.1,2018-07-27T11:34:04Z,100
40.0052910,-79.5876250,290.3,2018-07-27T11:34:06Z,99
40.0053230,-79.5876280,290.4,2018-07-27T11:34:08Z,98
40.0053550,-79.5876330,290.6,2018-07-27T11:34:10Z,97
40.0053810,-79.5876470,290.7,2018-07-27T11:34:12Z,97
40.0054120,-79.5876620,290.8,2018-07-27T11:34:14Z,96
40.0054410,-79.5876700,290.8,2018-07-27T11:34:16Z,96
40.0054690,-79.5876700,290.8,2018-07-27T11:34:18Z,97
40.0054970,-79.5876650,290.9,2018-07-27T11:34:20Z,97
40.0055320,-79.5876640,290.9,2018-07-27T11:34:23Z,97
40.0055640,-79.5876640,291.0,2018-07-27T11:34:26Z,98
40.0055930,-79.5876600,291.0,2018-07-27T11:34:28Z,98
40.0056300,-79.5876570,291.1,2018-07-27T11:34:31Z,100
40.0056600,-79.5876610,291.1,2018-07-27T11:34:33Z,100
40.0056890,-79.5876590,291.2,2018-07-27T11:34:35Z,101
40.0057180,-79.5876570,291.2,2018-07-27T11:34:37Z,101
40.0057560,-79.5876570,291.3,2018-07-27T11:34:40Z,102
40.0057930,-79.5876670,291.3,2018-07-27T11:34:43Z,102
40.0058330,-79.5876720,291.3,2018-07-27T11:34:46Z,102
40.0058700,-79.5876750,291.3,2018-07-27T11:34:49Z,103
40.0059110,-79.5876850,291.4,2018-07-27T11:34:52Z,103
40.0059500,-79.5876890,291.4,2018-07-27T11:34:55Z,105
40.0059770,-79.5876900,291.4,2018-07-27T11:34:57Z,106
40.0060040,-79.5876900,291.4,2018-07-27T11:34:59Z,107
40.0060340,-79.5876890,291.5,2018-07-27T11:35:01Z,108
40.0060620,-79.5876900,291.5,2018-07-27T11:35:03Z,108
40.0060920,-79.5876930,291.5,2018-07-27T11:35:05Z,108
40.0061230,-79.5876910,291.5,2018-07-27T11:35:08Z,107
40.0061650,-79.5876930,291.5,2018-07-27T11:35:11Z,106
40.0061940,-79.5876860,291.6,2018-07-27T11:35:13Z,105
40.0062280,-79.5876910,291.6,2018-07-27T11:35:16Z,104
40.0062670,-79.5876860,291.6,2018-07-27T11:35:20Z,103
40.0063000,-79.5876840,291.6,2018-07-27T11:35:22Z,102
40.0063270,-79.5876810,291.7,2018-07-27T11:35:24Z,101
40.0063570,-79.5876850,291.7,2018-07-27T11:35:26Z,100
40.0063910,-79.5876860,291.7,2018-07-27T11:35:28Z,100
40.0064250,-79.5876870,291.7,2018-07-27T11:35:31Z,99
40.0064540,-79.5876920,291.8,2018-07-27T11:35:34Z,98
40.0064930,-79.5876920,291.8,2018-07-27T11:35:37Z,97
40.0065250,-79.5876980,291.8,2018-07-27T11:35:39Z,97
40.0065580,-79.5877100,291.9,2018-07-27T11:35:43Z,96
40.0065830,-79.5877380,291.9,2018-07-27T11:35:46Z,96
40.0065980,-79.5877740,291.9,2018-07-27T11:35:48Z,96
40.0066210,-79.5878020,292.0,2018-07-27T11:35:50Z,95
40.0066560,-79.5878150,292.0,2018-07-27T11:35:54Z,95
40.0066900,-79.5878330,292.0,2018-07-27T11:35:57Z,96
40.0067040,-79.5878730,292.0,2018-07-27T11:36:00Z,96
40.0067160,-79.5879210,292.0,2018-07-27T11:36:02Z,96
40.0067220,-79.5879670,292.0,2018-07-27T11:36:04Z,96
40.0067240,-79.5880050,292.0,2018-07-27T11:36:07Z,96
40.0067280,-79.5880480,292.0,2018-07-27T11:36:10Z,96
40.0067300,-79.5880840,292.0,2018-07-27T11:36:13Z,96
40.0067230,-79.5881300,292.0,2018-07-27T11:36:16Z,96
40.0067160,-79.5881680,292.0,2018-07-27T11:36:18Z,95
40.0067050,-79.5882000,292.0,2018-07-27T11:36:22Z,94
40.0067030,-79.5882370,292.0,2018-07-27T11:36:24Z,94
40.0067070,-79.5882780,292.0,2018-07-27T11:36:26Z,95
40.0067080,-79.5883210,291.9,2018-07-27T11:36:28Z,95
40.0067030,-79.5883710,291.9,2018-07-27T11:36:30Z,95
40.0067020,-79.5884140,291.8,2018-07-27T11:36:32Z,95
40.0066980,-79.5884620,291.7,2018-07-27T11:36:38Z,95
40.0067010,-79.5885180,291.6,2018-07-27T11:36:40Z,95
40.0066990,-79.5885740,291.5,2018-07-27T11:36:42Z,94
40.0067100,-79.5886110,291.4,2018-07-27T11:36:44Z,94
40.0067110,-79.5886700,291.3,2018-07-27T11:36:47Z,93
40.0067180,-79.5887110,291.2,2018-07-27T11:36:49Z,92
40.0067510,-79.5887330,290.9,2018-07-27T11:36:53Z,91
40.0067870,-79.5887320,290.8,2018-07-27T11:36:55Z,91
40.0068150,-79.5887300,290.8,2018-07-27T11:36:58Z,91
40.0068300,-79.5887670,290.8,2018-07-27T11:37:00Z,91
40.0068410,-79.5888020,290.7,2018-07-27T11:37:02Z,90
40.0068560,-79.5888410,290.7,2018-07-27T11:37:05Z,93
40.0068880,-79.5888650,290.7,2018-07-27T11:37:08Z,94
40.0069150,-79.5888630,290.6,2018-07-27T11:37:11Z,95
40.0069490,-79.5888640,290.6,2018-07-27T11:37:14Z,95
40.0069890,-79.5888620,290.5,2018-07-27T11:37:17Z,96
40.0070240,-79.5888580,290.5,2018-07-27T11:37:19Z,96
40.0070520,-79.5888550,290.4,2018-07-27T11:37:22Z,97
40.0070870,-79.5888660,290.4,2018-07-27T11:37:25Z,96
40.0070920,-79.5889070,290.3,2018-07-27T11:37:28Z,96
